Company,CEO,Salary (million)
AAR CORP,David P. Storch,0.85
ADC TELECOMMUNICATIONS INC,Robert E. Switz,0.77
AMR CORP/DE,Gerard Arpey,0.67
AVX CORP,John S. Gilbertson,0.75
PINNACLE WEST CAPITAL CORP,Donald E. Brandt,0.96
AARON'S INC,"Robert C. Loudermilk, Jr.",0.66
ABBOTT LABORATORIES,Miles D. White,1.89
ADVANCED MICRO DEVICES,Thomas Seifert,0.53
AETNA INC,Mark T. Bertolini,0.94
AIR PRODUCTS & CHEMICALS INC,John E. McGlade,1.2
ALASKA AIR GROUP INC,William S. Ayer,0.4
ALBERTO-CULVER CO,V. James Marino,0.95
ALEXANDER & BALDWIN INC,Stanley M. Kuriyama,0.62
ALLEGHENY ENERGY INC,Paul J. Evanson,1.21
HONEYWELL INTERNATIONAL INC,David M. Cote,1.8
SKYWORKS SOLUTIONS INC,David J. Aldrich,0.61
ALCOA INC,"Klaus Kleinfeld, Ph.D., rer. pol., Dipl.-Kfm.",1.4
HESS CORP,John B. Hess,1.5
FORTUNE BRANDS INC,Bruce A. Carbonari,1.13
ABM INDUSTRIES INC,Henrik C. Slipsager,0.81
AMERICAN ELECTRIC POWER CO,Michael G. Morris,1.27
AMERICAN EXPRESS CO,Kenneth I. Chenault,1.94
AFLAC INC,Daniel P. Amos,1.38
AMERICAN GREETINGS  -CL A,Zev Weiss,0.94
AMERICAN INTERNATIONAL GROUP,Robert Herman Benmosche,3
AMERICAN PACIFIC CORP,"Joseph Carleone, Ph.D.",0.45
AMERICAN SCIENCE ENGINEERING,Anthony R. Fabiano,0.58
AMERICAN VANGUARD CORP,Eric G. Wintemute,0.5
AMETEK INC,Frank S. Hermance,1
AMGEN INC,Kevin W. Sharer,1.75
ANALOG DEVICES,Jerald G. Fishman,0.93
ANALOGIC CORP,Jim Green,0.49
ANALYSTS INTERNATIONAL CORP,Brittany B. McKinney,0.23
ANDERSONS INC,Mike Anderson,0.52
NABORS INDUSTRIES LTD,Eugene M. Isenberg,1.19
APACHE CORP,G. Steven Farris,1.75
APOGEE ENTERPRISES INC,Russell Huffer,0.7
APPLE INC,Timothy D. Cook,0.8
APPLIED MATERIALS INC,Michael R. Splinter,0.97
ACTUANT CORP  -CL A,Robert C. Arzbaecher,0.85
ARCHER-DANIELS-MIDLAND CO,Patricia Woertz,1.3
ARKANSAS BEST CORP,Judy R. McReynolds,0.45
ARROW ELECTRONICS INC,Michael J. Long,0.8
ASHLAND INC,James J. O'Brien,1.13
AGL RESOURCES INC,"John W. Somerhalder, II",0.85
ATWOOD OCEANICS,Robert J. Saltiel,0.52
AUTODESK INC,Carl Bass,0.92
AUTOMATIC DATA PROCESSING,Gary C. Butler,1
AVERY DENNISON CORP,Dean A. Scarborough,0.97
AVNET INC,Richard Hamada,0.7
AVON PRODUCTS,Andrea Jung,1.38
AZZ INC,David H. Dingus,0.5
BADGER METER INC,Richard A. Meeusen,0.54
BAKER HUGHES INC,Chadwick C. Deaton,1.28
BALCHEM CORP  -CL B,Dino A. Rossi,0.51
BALL CORP,John A. Hayes,0.73
CONSTELLATION ENERGY GRP INC,"Mayo A. Shattuck, III",1.3
POPULAR INC,Richard L. Carrion,0.84
BANK OF HAWAII CORP,Peter S. Ho,0.67
BANCTEC INC-REDH,J. Coley Clark,0.48
BANK OF NEW YORK MELLON CORP,Robert P. Kelly,1
BRE PROPERTIES INC,Constance B. Moore,0.48
BARD (C.R.) INC,Timothy M. Ring,1.05
BARNES GROUP INC,Gregory F. Milzcik,0.86
BARRICK GOLD CORP,"Aaron W. Regent, C.A",1.55
BASSETT FURNITURE INDS,"Robert H. Spilman, Jr.",0.34
BAXTER INTERNATIONAL INC,"Robert L. Parkinson, Jr.",1.37
APPLIED INDUSTRIAL TECH INC,David L. Pugh,0.95
BECTON DICKINSON & CO,Edward J. Ludwig,1.07
BEL FUSE INC,Daniel Bernstein,0.23
VERIZON COMMUNICATIONS INC,Lowell C. McAdam,0.91
BELO CORP  -SER A COM,Dunia A. Shive,0.77
BEMIS CO INC,Henry J. Theisen,0.9
BERKSHIRE HATHAWAY,Warren E. Buffett,0.1
BEST BUY CO INC,Brian J. Dunn,1.06
BIO-RAD LABORATORIES INC,Norman D. Schwartz,0.76
BLACK HILLS CORP,David R. Emery,0.59
BLOCK H & R INC,Russell P. Smyth,0.34
ENSCO PLC -ADR,Daniel W. Rabun,0.88
BLOUNT INTL INC,Joshua L. Collins,0.58
BOB EVANS FARMS,Steven A. Davis,0.79
BOEING CO,"W. James McNerney, Jr.",1.93
OFFICEMAX INC,Ravichandra K. Saligram,0.12
ROBERT HALF INTL INC,"Harold M. Messmer, Jr.",0.53
MOMENTIVE SPCLTY CHEMICALS,Craig O. Morrison,0.91
NSTAR,Thomas J. May,1.06
ABITIBIBOWATER INC,David J. Paterson,0.89
BRADY CORP,Frank M. Jaehnert,0.77
BRIGGS & STRATTON,Todd J. Teske,0.79
BRISTOL-MYERS SQUIBB CO,Charles Bancroft,0.68
BROWN-FORMAN  -CL B,Paul C. Varga,1.04
BROWN SHOE CO INC,Diane Sullivan,0.74
BRUNSWICK CORP,Dustan E. McCoy,0.91
MATERION CORP,Richard J. Hipple,0.71
BURLINGTON COAT FACTORY WRHS,Thomas A. Kingsbury,0.89
MASTEC INC,Jose Ramon Mas,0.61
UNISYS CORP,J. Edward Coleman,0.97
ACXIOM CORP,Jerry D. Gramaglia,0.01
CDI CORP,Roger H. Ballou,0.73
CIGNA CORP,David M. Cordani,1
CPI CORP,"Renato Cataldo, Jr., Pharm.D.",0.48
CNA FINANCIAL CORP,Thomas F. Motamed,1
CSX CORP,Michael J. Ward,1.1
CTS CORP,Vinod M. Khilnani,0.59
CABOT CORP,Patrick M. Prevost,0.84
CACI INTL INC  -CL A,Paul M. Cofoni,0.73
CAMPBELL SOUP CO,Denise M. Morrison,0.65
CONSTELLATION BRANDS  -CL A,Robert Sands,1.13
CARDINAL HEALTH INC,George S. Barrett,1.23
CARLISLE COS INC,David A. Roberts,0.98
PROGRESS ENERGY INC,William D. Johnson,0.99
CARPENTER TECHNOLOGY CORP,William A. Wulfsohn,0.8
CASCADE CORP,"Robert C. Warren, Jr.",0.53
CASEYS GENERAL STORES INC,Robert J. Myers,0.73
CASTLE (A M) & CO,Michael H. Goldberg,0.55
DOLE FOOD CO INC,David H. Murdock,0.96
CATERPILLAR INC,Douglas R. Oberhelman,1.08
CATO CORP  -CL A,John P. Derham Cato,1.04
CH ENERGY GROUP INC,Steven V. Lant,0.55
CLECO CORP,Michael H. Madison,0.52
CENTRAL VERMONT PUB SERV,Robert H. Young,0.41
CENTURYLINK INC,"Glen F. Post, III",1.02
CERADYNE INC,Joel P. Moskowitz,0.71
CHARMING SHOPPES INC,Anthony M. Romano,0.5
MAGELLAN HEALTH SERVICES INC,"R Lerer, M.D.",0.94
CANTEL MEDICAL CORP,Andrew A. Krakauer,0.44
CHECKPOINT SYSTEMS INC,Rob Van Der Merwe,0.85
CHEMED CORP,Kevin McNamara,0.78
JPMORGAN CHASE & CO,James Dimon,1
CHEVRON CORP,John Watson,1.48
BRINKER INTL INC,Douglas H. Brooks,0.9
CHUBB CORP,John D. Finnegan,1.31
CHURCH & DWIGHT INC,James R. Craigie,0.89
CINCINNATI BELL INC,John F. Cassidy,0.65
CINTAS CORP,Scott D. Farmer,0.75
CITY NATIONAL CORP,Russell Goldsmith,0.98
CLARCOR INC,Norman E. Johnson,0.73
CC MEDIA HOLDINGS INC,Mark P. Mays,1.01
CLIFFS NATURAL RESOURCES INC,Joseph A. Carrabba,0.81
CLOROX CO/DE,Donald R. Knauss,1.08
COCA-COLA BTLNG CONS,"J. Frank Harrison, III",0.84
COCA-COLA CO,Muhtar Kent,1.2
COEUR D'ALENE MINES CORP,Mitchell J. Krebs,0.29
COHERENT INC,"John Ambroseo, Ph.D.",0.58
COHU INC,James A. Donahue,0.51
COLGATE-PALMOLIVE CO,Ian M. Cook,1.15
AON CORP,Greg C. Case,1.5
COMCAST CORP,Brian L. Roberts,2.8
COMERICA INC,"Ralph W. Babb, Jr.",2.73
COMMERCE BANCSHARES INC,David W. Kemper,0.86
CITIGROUP INC,Vikram S. Pandit,0
COMMERCIAL METALS,Joseph Alvarado,0.17
AVIS BUDGET GROUP INC,Ronald L. Nelson,1
CA INC,William E. McCracken,1
COMPUTER SCIENCES CORP,Michael W. Laphen,1.11
COMPUTER TASK GROUP INC,James R. Boldt,0.46
COMTECH TELECOMMUN,Fred Kornberg,0.7
CONAGRA FOODS INC,Gary M. Rodkin,1
CONSOLIDATED EDISON INC,Kevin Burke,1.12
CON-WAY INC,Douglas W. Stotlar,0.63
BIGLARI HOLDINGS INC,Sardar Biglari,0.9
CMS ENERGY CORP,John G. Russell,0.76
COOPER INDUSTRIES PLC,Kirk S. Hachigian,1.2
COOPER TIRE & RUBBER CO,Roy V. Armes,0.89
COOPER COMPANIES INC,Robert S. Weiss,0.7
MOLSON COORS BREWING CO,Peter S. Swinburn,0.94
CORNING INC,Wendell P. Weeks,1.07
COUSINS PROPERTIES INC,"Larry L. Gellerstedt, III",0.5
CRACKER BARREL OLD CTRY STOR,Sandra Brophy Cochran,0.5
CRANE CO,Eric C. Fast,0.96
CHEMTURA CORP,Craig A. Rogerson,1
CROSS (A.T.) & CO  -CL A,David G. Whalen,0.6
CROWN HOLDINGS INC,John W. Conway,1.08
CUBIC CORP,Walter J. Zable,0.75
CULLEN/FROST BANKERS INC,"Richard W. Evans, Jr.",0.8
CUMMINS INC,TIm M. Solso,1.29
CURTISS-WRIGHT CORP,Martin R. Benante,0.96
DST SYSTEMS INC,Thomas A. McDonnell,0.65
WENDY'S CO,Roland C. Smith,1.15
DANA HOLDING CORP,James E. Sweetnam,0.85
DANAHER CORP,"H. Lawrence Culp, Jr.",1.12
TARGET CORP,Gregg W. Steinhafel,1.5
DPL INC,Paul M. Barbas,0.68
DEERE & CO,Samuel R. Allen,1.2
DELTA AIR LINES INC,Richard H. Anderson,0.6
DELUXE CORP,Lee Schram,0.79
DTE ENERGY CO,Gerard M. Anderson,0.9
DEVRY INC,Daniel Hamburger,0.75
ALLIANCE ONE INTL INC,Mark W. Kehaya,0.18
DIEBOLD INC,Thomas W. Swidarski,0.8
DIODES INC,"Keh-Shew Lu, Ph.D.",0.4
DIONEX CORP,"Frank Witney, Ph.D.",0.45
DISNEY (WALT) CO,Robert A. Iger,2
DIXIE GROUP INC,Daniel K. Frierson,0.48
DOLLAR GENERAL CORP,Richard W. Dreiling,1.14
DOMINION RESOURCES INC,"Thomas F. Farrell, II",1.22
DONALDSON CO INC,William M. Cook,0.7
DONNELLEY (R R) & SONS CO,"Thomas J. Quinlan, III",1
DOVER CORP,Robert A. Livingston,0.9
DOW CHEMICAL,Andrew N. Liveris,1.69
OMNICOM GROUP,John Wren,1
ASCENA RETAIL GROUP INC,David R. Jaffe,0.95
DU PONT (E I) DE NEMOURS,Ellen Kullman,1.3
DUKE ENERGY CORP,"James E. Rogers, Jr.",0
DUN & BRADSTREET CORP,Sara Mathew,0.75
FLOWSERVE CORP,Mark A. Blinn,0.91
DYCOM INDUSTRIES INC,Steven E. Nielsen,0.75
PERKINELMER INC,Robert F. Friel,0.9
EASTGROUP PROPERTIES,"David H. Hoster, II",0.53
EASTMAN KODAK CO,Antonio M. Perez,1.1
EATON CORP,Alexander M. Cutler,1.18
EATON VANCE CORP,"Thomas E. Faust, Jr.",0.5
ECOLAB INC,"Douglas M. Baker, Jr.",1
EL PASO ELECTRIC CO,David W. Stevens,0.56
EL PASO CORP,Douglas L. Foshee,1.07
ELECTRO SCIENTIFIC INDS INC,Nicholas Konidaris,0.54
EMS TECHNOLOGIES INC,Neilson A. Mackay,0.43
EMERSON ELECTRIC CO,David N. Farr,1.19
EMULEX CORP,James M. McCluney,0.59
ENERGEN CORP,"James T. McManus, II",0.69
WEATHERFORD INTL LTD,"Bernard J. Duroc-Danner, Ph.D.",1.6
ATMOS ENERGY CORP,Kim R. Cocklin,0.55
ENNIS INC,Keith S. Walters,0.86
ENZO BIOCHEM INC,"Elazar Rabbani, Ph.D.",0.55
EQUIFAX INC,Richard F. Smith,1.45
EQT CORP,David L. Porges,0.59
ESTERLINE TECHNOLOGIES CORP,Richard Bradley Lawrence,0.6
NEWMARKET CORP,Thomas E. Gottwald,0.73
EXAR CORP,Pedro P. Rodriguez,0.43
EXPEDITORS INTL WASH INC,Peter J. Rose,0.11
INSTEEL INDUSTRIES,"H. O. Woltz, III",0.43
EXXON MOBIL CORP,Rex W. Tillerson,2.21
FMC CORP,Pierre R. Brondeau,0.9
NEXTERA ENERGY INC,"Lewis Hay, III",1.29
JO-ANN STORES INC,Travis Smith,0.62
FAMILY DOLLAR STORES,Howard R. Levine,1
FEDEX CORP,Frederick W. Smith,1.23
FEDERAL-MOGUL CORP,Jos? Maria Alapont,1.5
FANNIE MAE,Michael J. Williams,0.9
FEDERAL REALTY INVESTMENT TR,"Donald C. Wood, CPA",0.73
FEDERAL SIGNAL CORP,Dennis J. Martin,0.11
MACY'S INC,Terry J. Lundgren,1.5
FERRO CORP,James F. Kirsch,0.89
FIFTH THIRD BANCORP,Kevin T. Kabat,3.15
REGIONS FINANCIAL CORP,"O. B. Grayson Hall, Jr.",0.84
FIRSTMERIT CORP,Paul Greig,0.75
TRUSTMARK CORP,Gerard R. Host,0.46
M & T BANK CORP,Robert G. Wilmers,1.75
U S BANCORP,Richard K. Davis,0.98
FIRST HORIZON NATIONAL CORP,Bryan Jordan,2.27
FLOW INTL CORP,Charles M. Brown,0.47
FLOWERS FOODS INC,George E. Deese,0.96
FLUOR CORP,David T. Seaton,0.7
FORD MOTOR CO,Alan R. Mulally,1.4
FOREST LABORATORIES  -CL A,Howard Solomon,1.31
FOREST OIL CORP,H. Craig Clark,0.67
FOSTER WHEELER AG,Robert C. Flexon,0.84
FRANKLIN RESOURCES INC,"Gregory Eugene Johnson, CPA",0.76
FROZEN FOOD EXPRESS INDS,Stoney Russell Stubbs,0.29
FULLER (H. B.) CO,James J. Owens,0.44
G&K SERVICES INC  -CL A,Douglas A. Milroy,0.55
GATX CORP,Brian A. Kenney,0.88
ARTHUR J GALLAGHER & CO,"J. Patrick Gallagher, Jr.",1
GANNETT CO,Craig Dubow,0.98
GAP INC,"Glenn K. Murphy, B.A.",1.5
GENCORP INC,Scott Seymour,0.5
GENERAL DYNAMICS CORP,Jay L. Johnson,1.4
GENERAL ELECTRIC CO,Jeffrey R. Immelt,3.3
GENERAL MILLS INC,Kendall J. Powell,1.06
GENERAL MOTORS CO,Daniel F. Akerson,0.57
SPX CORP,Christopher J. Kearney,1.05
GENESCO INC,Robert J. Dennis,0.78
GENTEX CORP,Fred T. Bauer,0.43
GENUINE PARTS CO,Thomas Gallagher,0.95
GERBER SCIENTIFIC INC,Marc T. Giles,0.52
GETTY REALTY CORP,David B. Driscoll,0.38
GLATFELTER,Dante C. Parrini,0.53
GOODRICH CORP,Marshall O. Larsen,1.1
GOODYEAR TIRE & RUBBER CO,Richard J. Kramer,0.93
GRACE (W R) & CO,Alfred E. Festa,0.94
GRACO INC,Patrick J. McHale,0.64
GRAINGER (W W) INC,James T. Ryan,0.89
GREAT ATLANTIC & PAC TEA CO,Samuel Martin,0.59
GREIF INC  -CL A,Michael J. Gasser,0.97
MONEYGRAM INTERNATIONAL INC,Pamela H. Patsley,0.86
HANDLEMAN CO,"Albert A. Koch, CPA",0
HARRIS CORP,Howard L. Lance,1.05
HARSCO CORP,Salvatore D. Fazzolari,0.89
HASBRO INC,Brian D. Goldner,1.18
HAVERTY FURNITURE,Clarence H. Smith,0.45
HAWAIIAN ELECTRIC INDS,Constance H. Lau,0.79
HAWKINS INC,Patrick H. Hawkins,0.28
HEALTH CARE REIT INC,George L. Chapman,0.65
HECLA MINING CO,"Phillips S. Baker, Jr.",0.45
HEINZ (H J) CO,William R. Johnson,1.25
HELEN OF TROY LTD,Gerald J. Rubin,0.6
HELMERICH & PAYNE,Hans Helmerich,0.63
HERSHEY CO,John P. Bilbrey,0.63
HEWLETT-PACKARD CO,Catherine A. Lesjak,0.61
HILL-ROM HOLDINGS INC,John J. Greisch,0.58
HOLLYFRONTIER CORP,Matthew P. Clifton,0.92
PINNACLE ENTERTAINMENT INC,Anthony Sanfilippo,0.66
HOME DEPOT INC,Francis S. Blake,1.06
HNI CORP,Stanley A. Askren,0.76
HOOPER HOLMES INC,Ransom J. Parker,0.12
HORMEL FOODS CORP,Jeffrey M. Ettinger,0.99
STARWOOD HOTELS&RESORTS WRLD,Frits van Paasschen,1.21
HSBC FINANCE CORP,Patrick J. Burke,0.5
CENTERPOINT ENERGY INC,David M. McClanahan,1.09
HOVNANIAN ENTRPRS INC  -CL A,Ara K. Hovnanian,1.09
URSTADT BIDDLE PROPERTIES,Charles J. Urstadt,0.3
HUBBELL INC  -CL B,Timothy H. Powers,0.93
HUNT (JB) TRANSPRT SVCS INC,Kirk Thompson,0.7
HUNTINGTON BANCSHARES,Stephen D. Steinour,3
HUTCHINSON TECHNOLOGY INC,Wayne M. Fortun,0.59
ITT CORP,Steven R. Loranger,1.15
RAYONIER INC,Lee M. Thomas,0.9
IDACORP INC,J. LaMont Keen,0.62
ILLINOIS TOOL WORKS,David B. Speer,1.13
VECTREN CORP,Carl L. Chapman,0.53
INGERSOLL-RAND PLC,Michael W. Lamach,0.97
RYERSON HOLDING CORP,Stephen E. Makarewicz,0.45
INSITUFORM TECHNOLOGIES-CL A,J. Joseph Burgess,0.57
GRIFFON CORP,Ronald J. Kramer,0.8
INTEGRATED DEVICE TECH INC,"Theodore L. Tewksbury, III, Ph.D.",0.58
INTEL CORP,Paul S. Otellini,1
FURNITURE BRANDS INTL INC,Ralph P. Scozzafava,0.75
INTERFACE INC  -CL A,Daniel T. Hendrix,0.78
INTL BUSINESS MACHINES CORP,Samuel J. Palmisano,1.8
INTL FLAVORS & FRAGRANCES,"Douglas D. Tough, MBA, BBA",1
NAVISTAR INTERNATIONAL CORP,Daniel C. Ustian,1.18
INTL GAME TECHNOLOGY,Patti S. Hart,0.8
INTL PAPER CO,John V. Faraci,1.31
INTL RECTIFIER CORP,Oleg Khaykin,0.75
INTL SPEEDWAY CORP  -CL A,Lesa Kennedy,0.6
INTL LOTTERY & TOTALIZATOR,Jeffrey M. Johnson,0.16
INTERPUBLIC GROUP OF COS,Michael I. Roth,1.4
INVACARE CORP,Gerald B. Blouch,0.69
ANIXTER INTL INC,Robert J. Eck,0.67
JACOBS ENGINEERING GROUP INC,Craig L. Martin,1.17
EMCOR GROUP INC,Anthony J. Guzzi,0.71
JEFFERIES GROUP INC,Richard B. Handler,0.92
JOHNSON & JOHNSON,William C. Weldon,1.85
JOHNSON CONTROLS INC,Stephen A. Roell,1.37
KLA-TENCOR CORP,Richard P. Wallace,0.8
SEARS HOLDINGS CORP,W. Bruce Johnson,0.98
KINDER MORGAN INC,Richard D. Kinder,0
KAMAN CORP,Neal J. Keating,0.73
GREAT PLAINS ENERGY INC,M. J. Chesser,0.8
KANSAS CITY SOUTHERN,David L. Starling,0.61
WESTAR ENERGY INC,Mark A. Ruelle,0.43
CKE RESTAURANTS INC,Andy Puzder,1.09
KAYDON CORP,James O'Leary,0.7
KEITHLEY INSTRUMENTS INC,Joseph P. Keithley,0.41
KELLOGG CO,John A. Bryant,0.83
KELLY SERVICES INC  -CL A,Carl T. Camden,0.94
KENNAMETAL INC,Carlos M. Cardoso,0.9
KIMBERLY-CLARK CORP,Thomas J. Falk,1.28
KIRBY CORP,Joseph H. Pyne,0.68
KROGER CO,"David B. Dillon, J.D.",1.26
KULICKE & SOFFA INDUSTRIES,Bruno Guilmart,0
LSB INDUSTRIES INC,Jack E. Golsen,0.66
LSI CORP,Abhijit Y. Talwalkar,0.8
LTX-CREDENCE CORP,David G. Tacelli,0.52
LA-Z-BOY INC,Kurt L. Darrow,0.77
LACLEDE GROUP INC,Douglas H. Yaeger,0.64
LAM RESEARCH CORP,Stephen G. Newberry,0.86
LANCASTER COLONY CORP,"John B. Gerlach, Jr.",0.86
SNYDERS-LANCE INC,David V. Singer,0.7
LAWSON PRODUCTS,Thomas J. Neri,0.5
LEE ENTERPRISES INC,Mary E. Junck,0.83
LEGGETT & PLATT INC,David S. Haffner,0.92
LEGG MASON INC,Mark Raymond Fetting,0.5
4KIDS ENTERTAINMENT INC,Alfred R. Kahn,0.77
LENNAR CORP,Stuart Miller,1
LILLY (ELI) & CO,"John Lechleiter, Ph.D.",1.5
LIMITED BRANDS INC,Leslie H. Wexner,1.92
LINCOLN ELECTRIC HLDGS INC,"John M. Stropki, Jr.",0.78
LINCOLN NATIONAL CORP,Dennis R. Glass,2
LIZ CLAIBORNE INC,William L. McComb,1.3
LOCKHEED MARTIN CORP,Bob Stevens,1.8
LOEWS CORP,James S. Tisch,0.98
RANGE RESOURCES CORP,John H. Pinkerton,0.72
LOUISIANA-PACIFIC CORP,Richard W. Frost,0.84
LOWE'S COMPANIES INC,Robert A. Niblock,1.1
LUBRIZOL CORP,James L. Hambrick,1.01
LUBYS INC,Chris J. Pappas,0.2
LUFKIN INDUSTRIES INC,John F. Glick,0.52
LYDALL INC,Dale G. Barnhart,0.48
MDU RESOURCES GROUP INC,Terry D. Hildestad,0.75
MTS SYSTEMS CORP,Laura B. Hamilton,0.53
MANITOWOC CO,Glen E. Tellock,0.84
MARATHON OIL CORP,"Clarence P. Cazalot, Jr.",1.4
MARCUS CORP,Gregory S. Marcus,0.52
HOST HOTELS & RESORTS INC,W. Edward Edward Walter,0.71
MARSH & MCLENNAN COS,Brian Duperreault,1
MARSHALL & ILSLEY CORP,Mark F. Furlong,0.88
MASCO CORP,Timothy Wadhams,0.95
MATERIAL SCIENCES CORP,Clifford D. Nastas,0.4
MATTEL INC,Robert A. Eckert,1.25
MCCORMICK & CO INC,Alan D. Wilson,0.91
MCDERMOTT INTL INC,Stephen M. Johnson,0.83
MCDONALD'S CORP,Jim Skinner,1.43
MCGRAW-HILL COMPANIES,"Harold McGraw, III",1.39
MEDCO HEALTH SOLUTIONS INC,"David B. Snow, Jr.",1.3
MEDIA GENERAL  -CL A,Marshall N. Morton,0.94
MEDTRONIC INC,"William A. Hawkins, III",1.25
CVS CAREMARK CORP,Larry J. Merlo,0.94
MENTOR GRAPHICS CORP,Walden C. Rhines,0.66
MERCK & CO,Kenneth C. Frazier,1.16
MEREDITH CORP,Stephen M. Lacy,0.93
METHODE ELECTRONICS INC,Donald W. Duda,0.56
MICROS SYSTEMS INC,A. L. Giannopoulos,2
MICRON TECHNOLOGY INC,Steven R. Appleton,0.81
MICROSEMI CORP,James J. Peterson,0.62
ENTERGY CORP,J. Wayne Leonard,1.29
MILLER (HERMAN) INC,Brian C. Walker,0.69
MINE SAFETY APPLIANCES CO,William M. Lambert,0.61
3M CO,George W. Buckley,1.72
ALLETE INC,Alan R. Hodnik,0.36
MODINE MANUFACTURING CO,Thomas A. Burke,0.7
MOLEX INC,Martin P. Slark,0.98
MOOG INC  -CL A,Robert T. Brady,0.95
RUBY TUESDAY INC,"Samuel E. Beall, III",1.1
MOTOROLA SOLUTIONS INC,"Sanjay K. Jha, Ph.D.",0.9
MURPHY OIL CORP,David M. Wood,1.21
MYERS INDUSTRIES INC,John C. Orr,0.73
MYLAN INC,Robert J. Coury,1.7
BANK OF AMERICA CORP,Brian T. Moynihan,0.95
NCR CORP,William R. Nuti,1
NANOMETRICS INC,"Timothy J. Stultz, Ph.D.",0.4
NASH FINCH CO,Alec C. Covington,0.85
NATIONAL FUEL GAS CO,David F. Smith,0.77
TENET HEALTHCARE CORP,Trevor Fetter,1.08
NPC INTERNATIONAL INC,James K. Schwartz,0.7
NATIONAL PRESTO INDS INC,Maryjo J. Cohen,0.47
NATIONAL SEMICONDUCTOR CORP,Donald Macleod,0.77
NATURES SUNSHINE PRODS INC,Michael D. Dean,0.33
NV ENERGY INC,Michael W. Yackira,0.79
NEW JERSEY RESOURCES CORP,Laurence M. Downes,0.71
NEW YORK TIMES CO  -CL A,Janet Robinson,1
NEWELL RUBBERMAID INC,Mark D. Ketchum,1.3
NEWMONT MINING CORP,Richard T. O'Brien,1.07
NEWPORT CORP,Robert J. Phillippy,0.44
NICOR INC,Russ M. Strobel,0.77
NIKE INC  -CL B,Mark G. Parker,1.54
NOBLE ENERGY INC,Charles D. Davidson,1.01
NORDSON CORP,Michael F. Hilton,0.53
NORDSTROM INC,Blake W. Nordstrom,0.7
NORFOLK SOUTHERN CORP,"Charles W. Moorman, IV",0.95
NACCO INDUSTRIES  -CL A,"Alfred Marshall Rankin, Jr.",1.22
MOVADO GROUP INC,Efraim Grinberg,0.95
NORTHEAST UTILITIES,Charles W. Shivery,1.04
NISOURCE INC,"Robert C. Skaggs, Jr.",0.86
XCEL ENERGY INC,"Benjamin G. S. Fowke, III",0.69
NORTHERN TRUST CORP,Frederick H. Waddell,0.9
NORTHROP GRUMMAN CORP,Wesley G. Bush,1.34
TEREX CORP,Ronald M. DeFeo,1.14
NORTHWEST NATURAL GAS CO,Gregg S. Kantor,0.46
NORTHWESTERN CORP,"Robert C. Rowe, Esq.",0.5
WELLS FARGO & CO,John G. Stumpf,3.24
NUCOR CORP,Daniel R. DiMicco,0.8
OCCIDENTAL PETROLEUM CORP,Stephen I. Chazen,0.77
OCEANEERING INTERNATIONAL,M. Kevin McEvoy,0.45
BRISTOW GROUP INC,William E. Chiles,0.75
FIRSTENERGY CORP,Anthony J. Alexander,1.33
OGE ENERGY CORP,Peter B. Delaney,0.84
OLIN CORP,Joseph D. Rupp,0.88
OMNICARE INC,James D. Shelton,0.42
ONEOK INC,John W. Gibson,0.9
OVERSEAS SHIPHOLDING GROUP,Morten Arntzen,0.9
OWENS & MINOR INC,Craig R. Smith,0.83
OWENS CORNING,Michael H. Thaman,0.97
OWENS-ILLINOIS INC,"Albert P. L. Stroucken, Ph.D.",1.02
OXFORD INDUSTRIES INC,J. Hicks Lanier,0.5
PHH CORP,Jerome J. Selitto,0.8
PNC FINANCIAL SVCS GROUP INC,James E. Rohr,1.56
PPG INDUSTRIES INC,Charles E. Bunch,1.08
PACCAR INC,Mark C. Pigott,1.35
PG&E CORP,Peter A. Darbee,1.18
SEMPRA ENERGY,Donald E. Felsinger,1.18
PACIFICORP,G. E. Abel,0
PALL CORP,Eric Krasnoff,0.92
PAR PHARMACEUTICAL COS INC,Patrick G. LePore,0.85
PARK ELECTROCHEMICAL CORP,Brian E. Shore,0.36
PARKER DRILLING CO,David C. Mannon,0.63
PARKER-HANNIFIN CORP,Donald E. Washkewicz,1.1
PARKWAY PROPERTIES INC,Steven G. Rogers,0.54
PAYCHEX INC,Jonathan J. Judge,0.19
AMERICAN FINANCIAL GROUP INC,S. Craig Lindner,1.15
PENN VIRGINIA CORP,H. Baird Whitehead,0.35
PENNEY (J C) CO,"Myron E. Ullman, III",1.5
PPL CORP,James H. Miller,1.18
PENNSYLVANIA RE INVS TRUST,Ronald Rubin,0.56
PENTAIR INC,"Randall J. Hogan, III",0.99
PEP BOYS-MANNY MOE & JACK,Michael R. Odell,0.8
PEPSICO INC,Indra K. Nooyi,1.3
PETROLEUM DEVELOPMENT CORP,Richard W. McCullough,0.55
PFIZER INC,Ian C. Read,1.2
EXELON CORP,John W. Rowe,1.48
AQUA AMERICA INC,Nicholas DeBenedictis,0.55
ALTRIA GROUP INC,Michael E. Szymanczyk,1.3
CONOCOPHILLIPS,James J. Mulva,1.5
PVH CORP,Emanuel Chirico,1.17
PIEDMONT NATURAL GAS CO,Thomas E. Skains,0.8
PIER 1 IMPORTS INC/DE,Alexander W. Smith,1.05
SENECA FOODS CORP,Kraig H. Kayser,0.49
AGILYSYS INC,Martin F. Ellis,0.46
PIPER JAFFRAY COS INC,Andrew S. Duff,0.61
PITNEY BOWES INC,Murray Martin,0.95
PLANTRONICS INC,Kenneth Kannappan,0.65
POTLATCH CORP,Michael J. Covey,0.69
PEPCO HOLDINGS INC,Joseph M. Rigby,0.88
POWELL INDUSTRIES INC,Patrick L. McDonald,0.43
PREPAID LEGAL SERVICES INC,Mark Brown,0.18
PRECISION CASTPARTS CORP,Mark Donegan,1.45
PROCTER & GAMBLE CO,Robert A. McDonald,1.6
PROTECTIVE LIFE CORP,John D. Johns,0.87
PNM RESOURCES INC,Pat Collawn,0.55
PUBLIC SERVICE ENTRP GRP INC,Ralph Izzo,0.95
PUBLIX SUPER MARKETS INC,William E. Crenshaw,0.78
PUGET ENERGY INC,Kimberly J. Harris,0.51
PULTEGROUP INC,"Richard J. Dugas, Jr.",1.2
QUAKER CHEMICAL CORP,Michael F. Barry,0.49
QUALITY SYSTEMS INC,Steven T. Plochocki,0.52
QUANTUM CORP,Jon W. Gacek,0.41
QUESTAR CORP,Ronald W. Jibson,0.4
RAYMOND JAMES FINANCIAL CORP,Paul C. Reilly,0.41
RPM INTERNATIONAL INC,Frank C. Sullivan,0.85
RAYTHEON CO,William H. Swanson,1.33
REGAL-BELOIT CORP,Mark Gliebe,0.57
REGIS CORP/MN,Paul D. Finkelstein,1.42
HSBC USA INC,Irene M. Dorner,0.57
AUTONATION INC,Michael J. Jackson,1.15
RITE AID CORP,Mary F. Sammons,1
ROBBINS & MYERS INC,Peter C. Wallace,0.7
ROCKWELL AUTOMATION,Keith D. Nosbusch,0.99
ROGERS CORP,Robert D. Wachob,0.5
ROLLINS INC,Gary W. Rollins,1
ROSS STORES INC,Michael Balmuth,1.15
ROWAN COS INC,W. Matt Ralls,0.8
KID BRANDS INC,Bruce G. Crain,0.56
RYDER SYSTEM INC,Gregory T. Swienton,0.9
RYLAND GROUP INC,Larry T. Nicholson,0.9
SEI INVESTMENTS CO,"Alfred P. West, Jr.",0.4
SAFEGUARD SCIENTIFICS INC,Peter J. Boni,0.67
SAFEWAY INC,Steven A. Burd,1.49
ST JUDE MEDICAL INC,Daniel J. Starks,1
SARA LEE CORP,Marcel Smits,0.74
SCANA CORP,William B. Timmerman,1.1
SCHLUMBERGER LTD,Paal Kibsgaard,0.98
SCHOLASTIC CORP,Richard Robinson,0.87
SCHULMAN (A.) INC,Joseph M. Gingo,0.78
SEALED AIR CORP,William V. Hickey,0.67
SEMTECH CORP,Mohan Maheswaran,0.45
SERVICE CORP INTERNATIONAL,Thomas L. Ryan,0.95
SHERWIN-WILLIAMS CO,Christopher M. Connor,1.22
SIGMA-ALDRICH CORP,Rakesh Sachdev,0.49
SYMMETRICOM INC,David G. C?t?,0.4
SKYLINE CORP,Thomas G. Deranek,0.3
SMITH (A O) CORP,Paul W. Jones,1
SMITHFIELD FOODS INC,C. Larry Pope,1.1
SMUCKER (JM) CO,Richard K. Smucker,0.85
SNAP-ON INC,Nicholas T. Pinchuk,0.81
KEYCORP,Beth E. Mooney,1.61
SONOCO PRODUCTS CO,"Harris E. DeLoach, Jr.",1.06
SOUTH JERSEY INDUSTRIES INC,Edward J. Graham,0.62
PIONEER DRILLING CO,William Stacy Locke,0.55
EDISON INTERNATIONAL,"Theodore F. Craver, Jr.",1.1
AMERICAN STATES WATER CO,Robert J. Sprowls,0.48
SOUTHERN CO,Thomas A. Fanning,0.81
SOUTHERN UNION CO,George L. Lindemann,1
SOUTHWEST AIRLINES,Gary C. Kelly,0.47
SOUTHWEST GAS CORP,Jeffrey W. Shaw,0.67
AT&T INC,Randall L. Stephenson,1.53
SOUTHWESTERN ENERGY CO,Steven L. Mueller,0.72
SPARTAN MOTORS INC,John Sztykiel,0.32
STANDARD MICROSYSTEMS CORP,Christine King,0.63
STANDARD MOTOR PRODS,Lawrence I. Sills,0.47
STANDARD PACIFIC CORP,"Kenneth L. Campbell, III",0.85
STANDARD REGISTER CO,"Joseph P. Morgan, Jr.",0.6
STANDEX INTERNATIONAL CORP,Roger Fix,0.73
STANLEY BLACK & DECKER INC,John F. Lundgren,1.21
STATE STREET CORP,Joseph L. Hooley,0.96
STEPAN CO,"F. Quinn Stepan, Jr.",0.68
STERLING BANCORP/NY,Louis J. Cappelli,0.97
STEWART INFORMATION SERVICES,Malcolm S. Morris,0.31
PUBLIC STORAGE,"Ronald L. Havner, Jr.",1
STRYKER CORP,Stephen P. MacMillan,1.2
SLM CORP,Albert L. Lord,1.03
STURM RUGER & CO INC,Michael O. Fifer,0.42
SUNOCO INC,Lynn L. Elsenhans,1.24
SUNTRUST BANKS INC,"William Henry Rogers, Jr.",0.58
SUPERVALU INC,Craig R. Herkert,0.85
SUPERIOR INDUSTRIES INTL,Steven J. Borick,0.85
SUPERTEX INC,"Henry C. Pao, Ph.D.",0.29
SWIFT ENERGY CO,Terry E. Swift,0.63
SYSCO CORP,"William J. DeLaney, III",0.8
TECO ENERGY INC,Sherrill W. Hudson,0.68
RADIOSHACK CORP,James F. Gooch,0.61
PULSE ELECTRONICS CORP,Daniel M. Moloney,0.28
TECUMSEH PRODUCTS CO  -CL A,James J. Connor,0.35
ALLEGHENY TECHNOLOGIES INC,L. Patrick Hassey,0.94
TELEFLEX INC,Jeffrey P. Black,0.9
TELEPHONE & DATA SYSTEMS INC,"LeRoy T. Carlson, Jr.",1.31
TELLABS INC,Robert W. Pullen,0.6
TEMPLE-INLAND INC,Doyle R. Simons,0.78
TENNANT CO,H. Chris Killingstad,0.59
TENNECO INC,Gregg M. Sherrill,0.95
TERADYNE INC,Michael A. Bradley,0.64
TESORO CORP,Gregory J. Goff,0.57
TEXAS INDUSTRIES INC,Melvin G. Brekhus,0.54
TEXAS INSTRUMENTS INC,Richard K. Templeton,0.99
ENERGY FUTURE HOLDINGS CORP,John F. Young,1.2
TEXTRON INC,Scott Donnelly,1
THERMO FISHER SCIENTIFIC INC,Marc N. Casper,0.98
THOMAS & BETTS CORP,Dominic J. Pileggi,0.93
THOR INDUSTRIES INC,Peter B. Orthwein,0.48
THORATEC CORP,Gary Burbach,0.51
TIDEWATER INC,Dean E. Taylor,0.62
SIX FLAGS ENTERTAINMENT CORP,James W. P. Reid-Anderson,0.45
TIMKEN CO,James W. Griffith,1.03
TORCHMARK CORP,Mark S. McAndrew,0.96
TORO CO,Michael J. Hoffman,0.82
TOTAL SYSTEM SERVICES INC,Philip W. Tomlinson,0.84
TOYS R US INC,Gerald L. Storch,1.14
TRINITY INDUSTRIES,Timothy R. Wallace,0.95
UNISOURCE ENERGY CORP,Paul J. Bonavia,0.61
TYCO INTERNATIONAL LTD,Edward D. Breen,1.63
TYLER TECHNOLOGIES INC,"John S. Marr, Jr.",0.42
TYSON FOODS INC  -CL A,Donnie Smith,0.86
UNITED CONTINENTAL HLDGS INC,Jeffery A. Smisek,0.79
UGI CORP,Lon R. Greenberg,1.07
URS CORP,Martin M. Koffel,1
USG CORP,James S. Metcalf,0.65
UNIFI INC,William L. Jasper,0.64
UNIFIRST CORP,Ronald D. Croatti,0.5
AMEREN CORP,Thomas R. Voss,0.78
UNION PACIFIC CORP,James R. Young,1.15
UNIT CORP,Larry D. Pinkston,0.64
CHIQUITA BRANDS INTL INC,Fernando Aguirre,1
UDR INC,Thomas W. Toomey,0.5
UNITEDHEALTH GROUP INC,Stephen J. Hemsley,1.3
UIL HOLDINGS CORP,James P. Torgerson,0.63
UMB FINANCIAL CORP,J. Mariner Kemper,0.6
UNITED PARCEL SERVICE INC,D. Scott Davis,1
UNITED STATIONERS INC,P. Cody Phipps,0.51
UNITED TECHNOLOGIES CORP,Louis R. Ch?nevert,1.59
SPRINT NEXTEL CORP,Daniel R. Hesse,1.2
SCIENTIFIC GAMES CORP,Michael R. Chambrello,0.93
SENSIENT TECHNOLOGIES CORP,Kenneth P. Manning,0.96
UNIVERSAL CORP/VA,"George C. Freeman, III",0.78
UNIVERSAL HEALTH SVCS INC,Alan B. Miller,1.38
VF CORP,Eric C. Wiseman,1.03
VALMONT INDUSTRIES INC,Mogens C. Bay,0.88
VALSPAR CORP,Gary E. Hendrickson,0.54
VARIAN MEDICAL SYSTEMS INC,Timothy E. Guertin,0.88
VEECO INSTRUMENTS INC,John Peeler,0.62
VISHAY INTERTECHNOLOGY INC,Gerald Paul,1
VORNADO REALTY TRUST,Michael D. Fascitelli,1
VULCAN MATERIALS CO,Donald M. James,1.25
WD-40 CO,Garry O. Ridge,0.57
FRONTIER OIL CORP,Michael C. Jennings,0.78
WAL-MART STORES INC,Mike Duke,1.23
WALGREEN CO,"Gregory D. Wasson, R.ph",1.07
WGL HOLDINGS INC,Terry D. McCallister,0.62
WASHINGTON POST  -CL B,Don Graham,0.4
AVISTA CORP,Scott L. Morris,0.63
WAUSAU PAPER CORP,Thomas J. Howatt,0.83
WEINGARTEN REALTY INVST,Andrew M. Alexander,0.7
WEST PHARMACEUTICAL SVSC INC,"Donald E. Morel, Jr., Ph.D.",0.83
WESTERN DIGITAL CORP,John F. Coyne,0.81
MEADWESTVACO CORP,"John A. Luke, Jr.",1.01
WEYERHAEUSER CO,Daniel S. Fulton,0.8
HANDY & HARMAN LTD,Glen M. Kassan,0
WHIRLPOOL CORP,Jeff M. Fettig,1.33
WHITNEY HOLDING CORP,"John C. Hope, III",0.75
WILEY (JOHN) & SONS  -CL A,Stephen M. Smith,0.62
WILLIAMS COS INC,Alan S. Armstrong,0.49
WMS INDUSTRIES INC,Brian R. Gamache,0.92
WILLIAMS-SONOMA INC,Laura J. Alber,0.95
WILMINGTON TRUST CORP,Donald E. Foley,0.7
WINN-DIXIE STORES INC,Peter L. Lynch,1.33
WINNEBAGO INDUSTRIES,Robert J. Olson,0.37
WISCONSIN ENERGY CORP,Gale E. Klappa,1.13
ALLIANT ENERGY CORP,William D. Harvey,0.87
INTEGRYS ENERGY GROUP INC,Charles A. Schrock,0.82
WOLVERINE WORLD WIDE,Blake W. Krueger,0.77
WOODWARD GOVERNOR CO,Thomas A. Gendron,0.7
FOOT LOCKER INC,Kenneth C. Hicks,1.1
WORTHINGTON INDUSTRIES,John P. McConnell,0.6
XEROX CORP,Ursula M. Burns,1.05
YRC WORLDWIDE INC,William D. Zollars,0.93
ZALE CORP,Theo Killion,0.6
TJX COMPANIES INC,Carol M. Meyrowitz,1.58
ZIONS BANCORPORATION,H. H. Simmons,1.16
OSHKOSH CORP,Charles L. Szews,0.69
PENFORD CORP,Tom Malkoski,0.55
STIFEL FINANCIAL CORP,Ronald J. Kruszewski,0.2
DREW INDUSTRIES INC,Fred Zinn,0.45
HENRY (JACK) & ASSOCIATES,John F. Prim,0.5
ASSOCIATED BANC-CORP,Philip B. Flynn,3.46
BB&T CORP,Kelly S. King,0.94
VALLEY NATIONAL BANCORP,Gerald H. Lipkin,1.08
FIRST MIDWEST BANCORP INC,Michael L. Scudder,1.01
NOVELL INC,Ronald W. Hovsepian,0.93
IMMUCOR INC,Gioacchino Eatz De Chirico,0.6
ANADARKO PETROLEUM CORP,James T. Hackett,1.57
NOBLE CORP,David W. Williams,0.98
TUESDAY MORNING CORP,Kathleen Mason,0.75
EMC CORP/MA,Joseph M. Tucci,1
BALLY TECHNOLOGIES INC,Richard M. Haddrill,1
BIG LOTS INC,Steven S. Fishman,1.37
MORGAN STANLEY,James P. Gorman,0.8
PRICE (T. ROWE) GROUP,"James Aloysius Charles Kennedy, CFA",0.35
NATIONAL RETAIL PROPERTIES,Craig Macnab,0.55
MICROSOFT CORP,Steven A. Ballmer,0.67
ORACLE CORP,Lawrence J. Ellison,0
SUNGARD DATA SYSTEMS INC,Crist?bal I. Conde,0.95
TECH DATA CORP,Robert Dutkowsky,0.96
X-RITE INC,"Thomas J. Vacchiano, Jr.",0.35
DIRECTV,Michael White,1.45
TEKELEC,William H. Everett,0.13
CYPRESS SEMICONDUCTOR CORP,"T. J. Rodgers, Ph.D.",0.6
LINEAR TECHNOLOGY CORP,Lothar Maier,0.47
GENZYME CORP,Henri A. Termeer,1.64
SIGMA DESIGNS INC,Thinh Q. Tran,0.55
XOMA LTD,Steven B. Engle,0.55
ADPT CORP,John J. Quicke,0.27
ASTEC INDUSTRIES INC,"J. Don Brock, Ph.D., P.E.",0.55
WERNER ENTERPRISES INC,Gregory L. Werner,0.72
HEALTH MANAGEMENT ASSOC,Gary D. Newsome,0.9
HARLEY-DAVIDSON INC,Keith E. Wandell,0.98
SKYWEST INC,Jerry C. Atkin,0.38
TOLL BROTHERS INC,"Douglas C. Yearley, Jr.",1
FREDS INC,Bruce A. Efird,0.65
MERIDIAN BIOSCIENCE INC,John A. Kraeutler,0.54
GARTNER INC,Eugene A. Hall,0.75
WATTS WATER TECHNOLOGIES INC,David J. Coghlan,0.41
NVR INC,Paul C. Saville,0.8
WORLD FUEL SERVICES CORP,Paul H. Stebbins,0.58
CABLEVISION SYS CORP  -CL A,James L. Dolan,1.5
ADOBE SYSTEMS INC,Shantanu Narayen,0.91
HARTE HANKS INC,Larry Franklin,0.3
BIO REFERENCE LABS,"Marc D. Grodman, M.D.",1.01
MAGNETEK INC,Peter M. McCormick,0.3
HEALTHSOUTH CORP,Jay F. Grinney,1
CNO FINANCIAL GROUP INC,"Claude James Prieur, CFA",0.9
M/I HOMES INC,Robert H. Schottenstein,0.75
FISERV INC,Jeffery Yabuki,0.84
CARMIKE CINEMAS INC,"S. David Passman, III",0.63
KB HOME,Jeffrey T. Mezger,1
THERAGENICS CORP,M. Christine Jacobs,0.56
UNUM GROUP,Thomas Watjen,1.1
LYRIS INC,Wolfgang Maasberg,0.3
COCA-COLA ENTERPRISES INC,"John F. Brock, III",1.19
PILGRIM'S PRIDE CORP,Don Jackson,1.5
HARMAN INTERNATIONAL INDS,Dinesh C. Paliwal,1.13
LOJACK CORP,"Ronald V. Waters, III",0.2
CORELOGIC INC,Parker S. Kennedy,0.47
J & J SNACK FOODS CORP,Gerald B. Shreiber,0.73
HEARTLAND EXPRESS INC,Michael J. Gerdin,0.24
CERNER CORP,Neal Patterson,1.01
QUIKSILVER INC,"Robert B. McKnight, Jr.",1
COMVERSE TECHNOLOGY INC,Andre Dahan,0.91
GEORGIA GULF CORP,Paul D. Carrico,0.77
PLEXUS CORP,Dean Foate,0.77
AIRGAS INC,Peter McCausland,0.89
JOY GLOBAL INC,Michael W. Sutherlin,0.89
NETWORK EQUIPMENT TECH INC,"C. Nicholas Keating, Jr.",0.35
CASH AMERICA INTL INC,Daniel R. Feehan,0.79
SYNOVUS FINANCIAL CORP,"Kessel D. Stelling, Jr.",0.59
JACK IN THE BOX INC,Linda A. Lang,0.92
NATIONWIDE HEALTH PPTYS INC,Douglas M. Pasquale,0.65
HCP INC,"James F. Flaherty, III",0.6
CYTRX CORP,Steven A. Kriegsman,0.65
CEDAR SHOPPING CENTERS INC,"Leo S. Ullman, J.D.",0.51
PHOTRONICS INC,Constantine S. Mac Ricostas,0.6
SANDERSON FARMS INC,"Joe F. Sanderson, Jr.",1.21
C&D TECHNOLOGIES INC,"Jeffrey A. Graves, Ph.D.",0.55
PROGRESSIVE CORP-OHIO,Glenn M. Renwick,0.75
RLI CORP,Jonathan E. Michael,0.73
AUDIOVOX CORP  -CL A,Patrick M. Lavelle,1
GENERAL COMMUNICATION  -CL A,Ronald A. Duncan,0.6
SAKS INC,Stephen I. Sadove,0.99
CASUAL MALE RETAIL GRP INC,David A. Levin,0.81
CALGON CARBON CORP,John S. Stanik,0.53
CADENCE DESIGN SYSTEMS INC,Lip-Bu Tan,0.46
MIDAMERICAN ENERGY HOLDINGS,G. E. Abel,1
LEVEL 3 COMMUNICATIONS INC,James Crowe,0.82
EBIX INC,Robin Raina,0.8
CARNIVAL CORP/PLC (USA),Micky M. Arison,0.88
DUKE REALTY CORP,Dennis D. Oklak,0.5
HANCOCK FABRICS INC,Jane F. Aggers,0.45
TIMBERLAND CO  -CL A,Jeffrey B. Swartz,0.83
UNIVERSAL HEALTH RLTY INCOME,Alan B. Miller,0
CELGENE CORP,"Robert J. Hugin, MBA",0.89
CONMED CORP,Joseph J. Corasanti,0.7
TIFFANY & CO,Michael J. Kowalski,0.96
DENTSPLY INTERNATL INC,Bret W. Wise,0.83
ALERIS CORP-REDH,Steven J. Demetriou,1
CBS CORP,Leslie Moonves,3.51
AIR METHODS CORP,"A. John Todd, III",0.41
ALMOST FAMILY INC,William B. Yarmuth,0.53
FAIR ISAAC CORP,Mark N. Greene,0.63
CAMBREX CORP,Steve Klosk,0.45
SCHWAB (CHARLES) CORP,"Walter W. Bettinger, II",0.9
WARNACO GROUP INC,Joseph R. Gromek,1.14
CLEAN HARBORS INC,Alan S. McKim,0.75
ALBANY INTL CORP  -CL A,"Joseph G. Morone, Ph.D.",0.74
LANDAUER INC,William E. Saxelby,0.54
FULTON FINANCIAL CORP,"R. Scott Smith, Jr.",0.81
AMCOL INTERNATIONAL CORP,Ryan F. McKendrick,0.41
GEN-PROBE INC,Carl W. Hull,0.68
BANCORPSOUTH INC,"Aubrey B. Patterson, Jr.",0.8
FASTENAL CO,Willard D. Oberton,0.48
MAXIM INTEGRATED PRODUCTS,Tun? Doluca,0.5
AMPHENOL CORP,R. Adam Norwitt,0.88
INTER PARFUMS INC,Jean Madar,0.38
POLARIS INDUSTRIES INC,Scott W. Wine,0.66
ALTERA CORP,John P. Daane,0.74
PIONEER NATURAL RESOURCES CO,Scott D. Sheffield,0.96
MANPOWERGROUP,Jeffrey A. Joerres,1
SOTHEBY'S,William F. Ruprecht,0.69
MGM RESORTS INTERNATIONAL,James Joseph Murren,2
WASTE MANAGEMENT INC,David P. Steiner,1.07
DELL INC,Michael S. Dell,0.95
EW SCRIPPS  -CL A,Rich Boehne,0.68
KINETIC CONCEPTS INC,Catherine Burzik,0.88
II-VI INC,Francis J. Kramer,0.56
FREEPORT-MCMORAN COP&GOLD,Richard C. Adkerson,2.5
NOVELLUS SYSTEMS INC,Richard Hill,0.88
OFFICE DEPOT INC,Steve Odland,0.85
BMC SOFTWARE INC,Robert E. Beauchamp,0.95
MERITAGE HOMES CORP,Steven J. Hilton,1.02
ARCH COAL INC,Steven F. Leer,0.85
PRESIDENTIAL LIFE CORP,Donald L. Barnes,0.52
BERKLEY (W R) CORP,William R. Berkley,1
CINCINNATI FINANCIAL CORP,Steven J. Johnston,0.6
OLD REPUBLIC INTL CORP,Aldo C. Zucaro,0.78
MERISEL INC,Donald R. Uzzi,0.36
PRIDE INTERNATIONAL INC,"Louis A. Raspino, Jr.",0.95
DEVON ENERGY CORP,John Richels,1.23
LINDSAY CORP,Richard W. Parod,0.5
LABORATORY CP OF AMER HLDGS,David P. King,0.89
CEC ENTERTAINMENT INC,Michael H. Magusiak,0.8
BECKMAN COULTER INC,J. Robert Hurley,0.48
ISTAR FINANCIAL INC,Jay Sugarman,1
FEDERAL HOME LOAN MORTG CORP,"Charles Edgar Haldeman, Jr.",2.45
VALERO ENERGY CORP,William R. Klesse,1.5
IDEX CORP,Andrew K. Silvernail,0.38
HARVEST NATURAL RESOURCES,James A. Edmiston,0.46
EMMIS COMMUNICATIONS CP-CL A,Jeffrey H. Smulyan,0.79
MUELLER INDUSTRIES,Gregory L. Christopher,0.65
TECHNE CORP,Thomas E. Oland,0.25
BROWN & BROWN INC,"J. Powell Brown, CPCU",0.57
TREDEGAR CORP,Nancy Taylor,0.68
STAPLES INC,Ronald L. Sargent,1.15
ALLERGAN INC,David E.I. Pyott,1.3
PLUM CREEK TIMBER CO INC,Rick R. Holley,0.83
SYMANTEC CORP,Enrique T. Salem,0.75
COGNEX CORP,Robert J. Willett,0.33
PEOPLE'S UNITED FINL INC,John P. Barnes,0.7
CIRRUS LOGIC INC,"Jason P. Rhode, Ph.D.",0.41
NEOGEN CORP,James L. Herbert,0.32
HANGER ORTHOPEDIC GROUP INC,"Thomas F. Kirk, Ph.D.",0.62
LEAR CORP,Robert E. Rossiter,1.28
EOG RESOURCES INC,Mark G. Papa,0.94
ZIX CORP,Richard D. Spurr,0.3
LATTICE SEMICONDUCTOR CORP,Darin G. Billerbeck,0.07
RTI INTL METALS INC,"Dawne S. Hickton, Esq.",0.58
BANKATLANTIC BANCORP  -CL A,Alan B. Levan,0.55
CENTRAL PACIFIC FINANCIAL CP,Ronald K. Migita,0.1
DIGI INTERNATIONAL INC,Joseph T. Dunsmore,0.41
ELECTRONIC ARTS INC,John S. Riccitiello,0.8
CITY HOLDING CO,Charles R. Hageboeck,0.42
COMMUNITY BANK SYSTEM INC,Mark E. Tryniski,0.45
FIRST BANCORP P R,Aurelio Aleman,0.75
GLACIER BANCORP INC,Michael J. Blodnick,0.33
SIGNATURE GROUP HLDGS INC,Craig Forrest Noell,0.08
INDEPENDENT BANK CORP/MA,Christopher Oddleifson,0.55
INDEPENDENT BANK CORP/MI,"Michael M. Magee, Jr.",0.38
MERCURY GENERAL CORP,Gabriel Tirador,0.79
NATIONAL PENN BANCSHARES INC,Scott V. Fainor,0.53
NAVIGATORS GROUP INC,Stanley A. Galanski,0.73
OLD NATIONAL BANCORP,Robert G. Jones,0.65
SELECTIVE INS GROUP INC,Gregory E. Murphy,0.9
SVB FINANCIAL GROUP,Gregory W. Becker,0.71
SANTANDER HOLDINGS USA INC,Gabriel Jaramillo,2.01
WASHINGTON FED INC,Roy Whitehead,0.56
WEBSTER FINANCIAL CORP,James C. Smith,1.72
FIRST FINL BANCORP INC/OH,Claude Davis,0.64
AMERICREDIT CORP,Daniel E. Berce,0.95
TOMPKINS FINANCIAL CORP,Stephen S. Romaine,0.45
TRUSTCO BANK CORP/NY,Robert Joseph McCormick,0.88
UNITED BANKSHARES INC/WV,Richard M. Adams,0.67
UNITED FIRE & CAS CO,Randy A. Ramlo,0.41
HEALTHMARKETS INC,Kenneth J. Fasola,0.16
F N B CORP/FL,Stephen J. Gurgovits,0.77
FIRST COMMONWLTH FINL CP/PA,John J. Dolan,0.46
PARAMETRIC TECHNOLOGY CORP,James E. Heppelmann,0.55
N B T BANCORP INC,Martin Dietrich,0.54
SIMMONS FIRST NATL CP  -CL A,J. Thomas May,0.48
STERLING FINANCIAL CORP/WA,J. Gregory Seibly,0.55
S & T BANCORP INC,Todd D. Brice,0.43
SCOTTS MIRACLE-GRO CO,James Hagedorn,1
ICONIX BRAND GROUP INC,Neil Cole,1
CAESARS ENTERTAINMENT CORP,Gary W. Loveman,1.9
CABOT OIL & GAS CORP,Dan O. Dinges,0.6
DENBURY RESOURCES INC,"Phil Rykhoek, Sr.",0.5
CISCO SYSTEMS INC,John T. Chambers,0.38
HOLOGIC INC,Robert A. Cascella,0.85
DELPHI FINANCIAL GROUP INC,Robert Rosenkranz,0.87
MEDICIS PHARMACEUT CP  -CL A,Jonah Shacknai,1.14
NTN BUZZTIME INC,Michael J. Bush,0.27
TETRA TECHNOLOGIES INC/DE,Stuart M. Brightman,0.5
VICOR CORP,Patrizio Vinciarelli,0.35
GRANITE CONSTRUCTION INC,James H. Roberts,0.39
LANDSTAR SYSTEM INC,Henry H. Gerkens,0.5
BE AEROSPACE INC,Amin J. Khoury,1.09
ORBITAL SCIENCES CORP,David W. Thompson,0.64
KEMPER CORP/DE,Donald G. Southwell,0.98
MERIT MEDICAL SYSTEMS INC,Fred P. Lampropoulos,0.66
ANN INC,Katherine Lawther Krill,1.2
CONTANGO OIL & GAS CO,Kenneth R. Peak,0.75
INTEGRAL SYSTEMS INC,"Paul G. Casner, Jr.",0.39
INTL BANCSHARES CORP,Dennis E. Nixon,0.61
K-SWISS INC  -CL A,Steven B. Nichols,0.96
TRUEBLUE INC,Steven C. Cooper,0.55
HCA HOLDINGS INC,Richard M. Bracken,1.33
XILINX INC,Moshe N. Gavrielov,0.7
ARCTIC CAT INC,Claude J. Jordan,0.44
WET SEAL INC  -CL A,Susan P. McGalla,0.03
TRIMBLE NAVIGATION LTD,Steven W. Berglund,0.63
O'CHARLEY'S INC,"Philip J. Hickey, Jr.",0.15
COMSTOCK RESOURCES INC,Miles Jay Allison,0.55
TRANSATLANTIC HOLDINGS INC,Robert F. Orlich,1
EXPONENT INC,"Paul R. Johnston, Ph.D., P.E.",0.53
BENCHMARK ELECTRONICS INC,Cary T. Fu,0.74
MATRIX SERVICE CO,Michael J. Bradley,0.65
ALLIANT TECHSYSTEMS INC,John L. Shroyer,0.49
ESCO TECHNOLOGIES INC,"Victor L. Richey, Jr.",0.71
ETHAN ALLEN INTERIORS INC,M. Farooq Kathwari,1.05
BIOLASE TECHNOLOGY INC,David M. Mulder,0.19
CATHAY GENERAL BANCORP,"Dunson K. Cheng, Ph.D.",1
HAYNES INTERNATIONAL INC,Mark M. Comerford,0.41
SONIC CORP,J. Clifford Hudson,0.63
COMMUNITY HEALTH SYSTEMS INC,Wayne T. Smith,1.37
ATMEL CORP,Steve Laub,0.74
PS BUSINESS PARKS,"Joseph D. Russell, Jr.",0.43
AUTOZONE INC,"William C. Rhodes, III",0.92
ION GEOPHYSICAL CORP,Robert P. Peebler,0.58
REGENERON PHARMACEUT,"Leonard S. Schleifer, M.D., Ph.D.",0.76
COVENTRY HEALTH CARE INC,Allen F. Wise,0.6
PMC-SIERRA INC,Gregory S. Lang,0.63
CEPHALON INC,J. Kevin Buchi,0.69
UNITED STATES STEEL CORP,"John P. Surma, Jr.",1.13
APRIA HEALTHCARE GROUP INC,"Norman C. Payson, M.D.",0.75
HAEMONETICS CORP,Brian P. Concannon,0.55
JONES GROUP INC,Wesley R. Card,1.6
PANERA BREAD CO,Ronald M. Shaich,0.62
FIRST CASH FINANCIAL SVCS,Rick L. Wessel,0.85
IDEXX LABS INC,Jonathan W. Ayers,0.7
AES CORP,Paul Hanrahan,1.12
REHABCARE GROUP INC,"John H. Short, Ph.D.",0.73
CORVEL CORP,Daniel J. Starck,0.38
HANCOCK HOLDING CO,John M. Hairston,0.43
AMBAC FINANCIAL GROUP INC,Diana N. Adams,0.58
DINEEQUITY INC,Julia A. Stewart,0.91
KAISER ALUMINUM CORP,Jack A. Hockema,0.8
HANSEN NATURAL CORP,Rodney C. Sacks,0.41
XL GROUP PLC,Michael S. McGavick,1
VERTEX PHARMACEUTICALS INC,Matthew Emmens,1.13
MONRO MUFFLER BRAKE INC,Robert G. Gross,0.84
PROGRESS SOFTWARE CORP,Richard D. Reidy,0.49
BUCYRUS INTERNATIONAL INC,Timothy W. Sullivan,1
MGIC INVESTMENT CORP/WI,Curt S. Culver,0.87
HEALTHWAYS INC,"Ben R. Leedle, Jr.",0.71
ZEBRA TECHNOLOGIES CP  -CL A,Anders Gustafsson,0.74
THQ INC,Brian J. Farrell,0.7
PROASSURANCE CORP,"William Stancil Starnes, Esq.",0.82
BIOGEN IDEC INC,"George A. Scangos, Ph.D.",0.52
STEWART ENTERPRISES  -CL A,Thomas J. Crawford,0.6
VCA ANTECH INC,Robert L. Antin,0.91
SWS GROUP INC,James H. Ross,0.35
OLD DOMINION FREIGHT,David S. Congdon,0.5
HORACE MANN EDUCATORS CORP,Peter H. Heckman,0.47
ATLANTIC TELE-NETWORK INC,Michael T. Prior,0.53
WABASH NATIONAL CORP,Richard J. Giromini,0.52
WORLD ACCEPTANCE CORP/DE,"A. Alexander McLean, III",0.42
KIMCO REALTY CORP,David B. Henry,0.75
PERRIGO CO,Joseph C. Papa,0.96
TETRA TECH INC,Dan L. Batrack,0.64
QUALCOMM INC,"Paul E. Jacobs, Ph.D.",1.15
VITESSE SEMICONDUCTOR CORP,Christopher Gardner,0.41
CORP OFFICE PPTYS TR INC,Randall M. Griffin,0.65
USA MOBILITY INC,Vincent D. Kelly,0.6
GILEAD SCIENCES INC,"John C. Martin, Ph.D.",1.34
PDL BIOPHARMA INC,John P. McLaughlin,0.52
ABAXIS INC,Clinton H. Severson,0.37
WHOLE FOODS MARKET INC,Walter Robb,0.4
ROPER INDUSTRIES INC/DE,B. D. Jellison,1.05
SYNOPSYS INC,Aart J. de Geus,0.5
CALLAWAY GOLF CO,George Fellows,0.97
VALASSIS COMMUNICATIONS INC,Alan F. Schultz,1
SCICLONE PHARMACEUTICALS INC,"Friedhelm Blobel, Ph.D.",0.46
TIME WARNER INC,Jeffrey L. Bewkes,2
LINCARE HOLDINGS INC,John P. Byrnes,0.92
CHRISTOPHER & BANKS CORP,Larry C. Barenbaum,0.19
ICU MEDICAL INC,"George A. Lopez, M.D.",0.67
MOHAWK INDUSTRIES INC,Jeff Lorberbaum,0.99
PRAXAIR INC,Stephen F. Angel,1.08
NCI BUILDING SYSTEMS INC,Norman Chambers,0.75
FIRST DATA CORP,Joe Forehand,0.97
KOPIN CORP,John C. Fan,0.5
MENS WEARHOUSE INC,Douglas S. Ewert,0.51
AGCO CORP,Martin H. Richenhagen,1.09
STEIN MART INC,"David H. Stovall, Jr.",0.83
MEDQUIST INC,Peter L. Masanotti,0.5
VALENCE TECHNOLOGY INC,Robert L. Kanode,0.25
BUCKLE INC,Dennis H. Nelson,0.93
BOSTON SCIENTIFIC CORP,J. Raymond Elliott,1.2
KOHL'S CORP,Kevin Mansell,1.3
STERIS CORP,"Walter M. Rosebrough, Jr.",0.75
FRANKLIN COVEY CO,Robert A. Whitman,0.5
BED BATH & BEYOND INC,Steven H. Temares,2.29
D R HORTON INC,Donald J. Tomnitz,0.9
EXPRESS SCRIPTS INC,George Paz,1.07
FINISH LINE INC  -CL A,Glenn Lyon,0.78
COLUMBIA BANKING SYSTEM INC,Melanie J. Dressel,0.43
GENERAL CABLE CORP/DE,Gregory B. Kenny,0.83
STARBUCKS CORP,Howard D. Schultz,1.28
DYNEGY INC,Bruce A. Williamson,1
SUPERIOR ENERGY SERVICES INC,David D. Dunlap,0.56
CENTRAL GARDEN & PET CO,William E. Brown,0.65
ANCHOR BANCORP INC/WI,Chris Michael Bauer,0.66
ENCORE WIRE CORP,Daniel L. Jones,0.55
ZOLL MEDICAL CORP,Richard A. Packer,0.4
HI TECH PHARMACAL CO INC,David S. Seltzer,0.47
OMEGA HEALTHCARE INVS INC,C. Taylor Pickett,0.6
LTC PROPERTIES INC,Wendy L. Simpson,0.42
CHEESECAKE FACTORY INC,David Overton,0.88
LITTELFUSE INC,Gordon B. Hunter,0.65
ON ASSIGNMENT INC,Peter T. Dameris,0.64
MCAFEE INC,David G. DeWalt,0.95
KEMET CORP,Per-Olof Loof,0.77
EPICOR SOFTWARE CORP,L. George Klaus,0.74
STERLING BANCSHRS/TX,J. Downey Bridgwater,0.61
MINERALS TECHNOLOGIES INC,Joseph C. Muscari,0.9
PETROQUEST ENERGY INC,Charles T. Goodson,0.5
HCC INSURANCE HOLDINGS INC,"John N. Molbeck, Jr.",1.95
PATTERSON COMPANIES INC,Scott P. Anderson,0.59
RADIAN GROUP INC,S. A. Ibrahim,0.8
BOOKS-A-MILLION INC,Terrance G. Finley,0.34
QUESTCOR PHARMACEUTICALS INC,Don M. Bailey,0.56
TAUBMAN CENTERS INC,Robert S. Taubman,0.7
SHUFFLE MASTER INC,Timothy J. Parrott,0.52
COMPUWARE CORP,Robert C. Paul,0.65
BLACK BOX CORP,R. Terry Blakemore,0.6
SM ENERGY CO,Anthony J. Best,0.54
TRIDENT MICROSYSTEMS INC,Sylvia Summers Couder,0.63
SEACOR HOLDINGS INC,"Oivind Lorentzen, III",0.2
HMS HOLDINGS CORP,"Bill Lucia, FLMI",0.55
PALOMAR MED TECHNOLOGIES INC,Joseph P. Caruso,0.34
IAC/INTERACTIVECORP,Gr?gory R. Blatt,0.65
GULFPORT ENERGY CORP,Mike Liddell,0.26
NAUTILUS INC,Edward J. Bramson,0
DDR CORP,Daniel B. Hurwitz,0.62
CHESAPEAKE ENERGY CORP,Aubrey K. McClendon,0.98
CREE INC,Charles M. Swoboda,0.6
CYBERONICS INC,Daniel J. Moore,0.52
CRYOLIFE INC,Steven G. Anderson,0.62
UNIVERSAL ELECTRONICS INC,Paul D. Arling,0.51
WATSON PHARMACEUTICALS INC,Paul M. Bisaro,1
HUMANA INC,Michael B. McCallister,1.03
AVID TECHNOLOGY INC,Gary G. Greenfield,0.94
INTUIT INC,Brad D. Smith,0.8
PACIFIC SUNWEAR CALIF INC,Gary H. Schoenfeld,1.05
SHOE CARNIVAL INC,Mark L. Lemond,0.73
MICROCHIP TECHNOLOGY INC,Steve Sanghi,0.55
CHICOS FAS INC,David F. Dyer,0.95
APPLIED SIGNAL TECHNOLOGY,"William B. Van Vleet, III",0.45
GYMBOREE CORP,Matthew K. McCauley,0.64
ACE LTD,Evan G. Greenberg,1.2
FOSSIL INC,Kosta N. Kartsotis,0
GENERAL GROWTH PPTYS INC,Adam S. Metz,1.46
SANMINA-SCI CORP,Jure Sola,0.8
APTARGROUP INC,Peter H. Pfeiffer,0.83
O'REILLY AUTOMOTIVE INC,Gregory L. Henslee,0.84
POLYONE CORP,Stephen D. Newlin,0.86
JABIL CIRCUIT INC,Timothy L. Main,1
REINSURANCE GROUP AMER INC,A. Greig Woodring,0.92
TITAN INTERNATIONAL INC,"Maurice M. Taylor, Jr.",0.71
ELLIS PERRY INTL INC,George Feldenkreis,1
HEALTHCARE REALTY TRUST INC,David R. Emery,1.36
ACADIA REALTY TRUST,"Kenneth F. Bernstein, J.D.",0.46
TRANSOCEAN LTD,Steven L. Newman,0.85
TANGER FACTORY OUTLET CTRS,Steven B. Tanger,0.69
ALLSTATE CORP,"Thomas J. Wilson, II",1.09
PAPA JOHNS INTERNATIONAL INC,Joseph Jude Thompson,0.62
LIBBEY INC,John F. Meier,0.72
FLIR SYSTEMS INC,Earl R. Lewis,0.83
SIMON WORLDWIDE INC,Gregory Mays,0.21
STONE ENERGY CORP,David H. Welch,0.52
BRINKS CO,Michael T. Dan,1.11
POST PROPERTIES INC,David P. Stockert,0.42
RURAL/METRO CORP,Michael P. DiMino,0.03
CAMDEN PROPERTY TRUST,Richard J. Campo,0.45
PETSMART INC,Robert F. Moran,1.04
MONARCH CASINO & RESORT INC,John Farahi,0.4
EQUITY RESIDENTIAL,David J. Neithercut,0.63
BORGWARNER INC,Timothy M. Manganello,1.1
SPARTAN STORES INC,Dennis Eidson,0.69
LANDRYS RESTAURANTS INC,Tilman J. Fertitta,1.5
SAUL CENTERS INC,"Bernard Francis Saul, II",0.13
ARRIS GROUP INC,Robert J. Stanzione,0.75
GREEN MTN COFFEE ROASTERS,Lawrence J. Blanford,0.66
COLONIAL PROPERTIES TRUST,"C. Reynolds Thompson, III",0.4
BARNES & NOBLE INC,"William J. Lynch, Jr.",0.9
MARRIOTT INTL INC,"J. W. Marriott, Jr.",1.25
ULTRATECH INC,Arthur W. Zafiropoulo,0.52
BELDEN INC,John S. Stroup,0.7
OM GROUP INC,Joseph M. Scaminace,0.92
BOYD GAMING CORP,Keith Smith,1.1
DECKERS OUTDOOR CORP,Angel R. Martinez,0.95
COSTCO WHOLESALE CORP,James D. Sinegal,0.35
LEXINGTON REALTY TRUST,T. Wilson Eglin,0.55
TRIAD GUARANTY INC,Kenneth W. Jones,0.36
PATTERSON-UTI ENERGY INC,Douglas J. Wall,0.6
INCYTE CORP,"Paul A. Friedman, M.D.",0.62
GIBRALTAR INDUSTRIES INC,Brian J. Lipke,0.68
ITRON INC,Malcolm Unsworth,0.75
URBAN OUTFITTERS INC,Glen T. Senk,1
UNIVERSAL FOREST PRODS INC,Michael B. Glenn,0.59
NEWFIELD EXPLORATION CO,Lee K. Boothby,0.63
FORWARD AIR CORP,Bruce A. Campbell,0.5
BOSTON PRIVATE FINL HOLDINGS,Clayton G. Deutsch,0.28
JDS UNIPHASE CORP,Thomas H. Waechter,0.69
ASTORIA FINANCIAL CORP,Monte N. Redman,0.83
ATMI INC,Douglas A. Neugold,0.51
MARTEK BIOSCIENCES CORP,Steve Dubin,0.61
NEW YORK CMNTY BANCORP INC,Joseph R. Ficalora,1
SHAW GROUP INC,"J. M. Bernhard, Jr.",1.97
MADDEN STEVEN LTD,Edward R. Rosenfeld,0.5
TRIQUINT SEMICONDUCTOR INC,Ralph Quinsey,0.44
SIMON PROPERTY GROUP INC,David E. Simon,1
EASTMAN CHEMICAL CO,James P. Rogers,1
PLANAR SYSTEMS INC,Gerald K. Perkel,0.46
CYTEC INDUSTRIES INC,Shane D. Fleming,0.81
MEDIFAST INC,"Bradley T. MacDonald, USMC (Ret.)",0.23
HAIN CELESTIAL GROUP INC,Irwin D. Simon,1.4
CASCADE BANCORP,Patricia L. Moss,0.39
MODUSLINK GLOBAL SOLUTIONS,Joseph C. Lawler,0.65
SFN GROUP INC,Roy Krause,0.66
MID-AMERICA APT CMNTYS INC,"H. Eric Bolton, Jr.",0.43
DAKTRONICS INC,James B. Morgan,0.31
HEALTH NET INC,Jay M. Gellert,1.21
DSP GROUP INC,Ofer Elyakim,0.26
MARTIN MARIETTA MATERIALS,C. Howard Nye,0.8
MOBILE MINI INC,Steven G. Bunger,0.54
TRACTOR SUPPLY CO,James F. Wright,0.97
ALBEMARLE CORP,"Luther C. Kissam, IV",0.52
BEAZER HOMES USA INC,Allan P. Merrill,0.6
QLOGIC CORP,Simon Biddiscombe,0.43
INVESCO LTD,"Martin L. Flanagan, CFA",0.79
ROCK-TENN CO,James A. Rubright,1.04
MACERICH CO,Arthur M. Coppola,0.95
OLYMPIC STEEL INC,Michael D. Siegal,0.66
AVALONBAY COMMUNITIES INC,Bryce Blair,0.82
TOWERS WATSON & CO,John J. Haley,0.46
CIBER INC,David C. Peterschmidt,0.28
COPART INC,A. Jayson Adair,0
SCANSOURCE INC,Michael L. Baur,0.75
RALCORP HOLDINGS INC,Kevin J. Hunt,0.61
AK STEEL HOLDING CORP,James L. Wainscott,1.15
PROLOGIS INC,Walter C. Rakowich,1
BRIGHTPOINT INC,Robert J. Laikin,0.9
EAGLE MATERIALS INC,Steven R. Rowley,0.82
AMERN EAGLE OUTFITTERS INC,James V. O'Donnell,1.7
GARDNER DENVER INC,Barry L. Pennypacker,0.78
JOS A BANK CLOTHIERS INC,R. Neal Black,0.76
INVESTMENT TECHNOLOGY GP INC,Robert C. Gasser,0.75
PSS WORLD MEDICAL INC,Gary A. Corless,0.64
BLYTH INC,"Robert B. Goergen, Sr.",0.79
SIMPSON MANUFACTURING INC,Tom Fitzmyers,0.34
ESSEX PROPERTY TRUST,Michael J. Schall,0.3
HIGHWOODS PROPERTIES INC,Edward J. Fritsch,0.54
CONSOLIDATED GRAPHICS INC,Joe R. Davis,0.64
LIBERTY PROPERTY TRUST,William P. Hankowsky,0.53
AIRTRAN HOLDINGS INC,Robert L. Fornaro,0.56
MATTHEWS INTL CORP  -CL A,Joseph C. Bartolacci,0.6
APARTMENT INVST & MGMT CO,"Terry Considine, J.D.",0.6
GEO GROUP INC,George C. Zoley,1.04
HOME PROPERTIES INC,Edward J. Pettinella,0.55
ADTRAN INC,Thomas R. Stanton,0.51
AMEDISYS INC,William F. Borne,0.75
MACK-CALI REALTY CORP,Mitchell E. Hersh,1.05
DARLING INTERNATIONAL INC,Randall C. Stuewe,0.68
SIRIUS XM RADIO INC,Mel Karmazin,1.5
RELIANCE STEEL & ALUMINUM CO,David H. Hannah,0.73
REALTY INCOME CORP,"Thomas A. Lewis, Jr.",0.55
STRATASYS INC,S. Scott Crump,0.21
KNIGHT TRANSPORTATION INC,Kevin P. Knight,0.4
ASPEN TECHNOLOGY INC,Mark E. Fusco,0.5
NORTHWEST BANCSHARES INC,William J. Wagner,0.5
CAPITAL ONE FINANCIAL CORP,Richard D. Fairbank,0
APOLLO GROUP INC  -CL A,Gregory W. Cappelli,0.6
MICREL INC,Raymond D. Zinn,0.34
STILLWATER MINING CO,Francis R. McAllister,0.65
ITT EDUCATIONAL SERVICES INC,Kevin M. Modany,0.76
NUTRISYSTEM INC,Joseph M. Redling,0.69
HANMI FINANCIAL CORP,Jay Seung Yoo,0.35
INSIGHT ENTERPRISES INC,Kenneth T. Lamneck,0.6
RENT-A-CENTER INC,Mark E. Speese,0.84
BROOKS AUTOMATION INC,"Stephen S. Schwartz, Ph.D.",0.24
ACI WORLDWIDE INC,Philip G. Heasley,0.58
AZZURRA HOLDING CORP,Daniel W. Rumsey,0
DOLLAR TREE INC,Bob Sasser,0.97
AMERISOURCEBERGEN CORP,Steven H. Collis,0.65
PMI GROUP INC,L. Stephen Smith,0.83
HARMONIC INC,Patrick J. Harshman,0.45
DARDEN RESTAURANTS INC,"Clarence Otis, Jr.",1.02
BORDERS GROUP INC,Michael J. Edwards,0.63
FEI CO,Raymond A. Link,0.32
RESMED INC,Kieran T. Gallahue,0.74
TRANSWITCH CORP,M. Ali Khatibzadeh,0.32
CAMERON INTERNATIONAL CORP,Jack B. Moore,0.99
DISH NETWORK CORP,Charles W. Ergen,0.6
SOVRAN SELF STORAGE INC,Robert J. Attea,0.42
WABTEC CORP,Albert J. Neupaver,0.82
MEMC ELECTRONIC MATRIALS INC,Ahmad R. Chatila,0.75
GRAFTECH INTERNATIONAL LTD,Craig S. Shular,0.68
ATLAS AIR WORLDWIDE HLDG INC,William J. Flynn,0.86
INTEGRA LIFESCIENCES HLDGS,"Stuart M. Essig, Ph.D.",0.7
ARCH CAPITAL GROUP LTD,Constantine P. Iordanou,1
SMITH MICRO SOFTWARE INC,"William W. Smith, Jr.",0.45
MEDNAX INC,"Roger J. Medel, M.D.",0.95
EVEREST RE GROUP LTD,Joseph V. Taranto,1
HANOVER INSURANCE GROUP INC,"Frederick H. Eppinger, Jr.",0.94
DIAMOND OFFSHRE DRILLING INC,Lawrence R. Dickerson,0.83
POOL CORP,Manuel Perez De La Mesa,0.42
RADISYS CORP,Scott C. Grout,0.48
DAVITA INC,Kent J. Thiry,1.02
QWEST COMMUNICATION INTL INC,Edward A. Mueller,1.2
SCHEIN (HENRY) INC,Stanley M. Bergman,1.15
SANDISK CORP,Sanjay Mehrotra,0.6
SCHWEITZER-MAUDUIT INTL INC,Fr?d?ric P. Villoutreix,0.73
LEXMARK INTL INC  -CL A,Paul A. Rooke,0.62
ADVENT SOFTWARE INC,Stephanie G. DiMarco,0.45
ADVANCED ENERGY INDS INC,Hans-Georg Betz,0.57
LAUDER (ESTEE) COS INC -CL A,Fabrizio Freda,1.5
WATERS CORP,Douglas A. Berthiaume,0.76
HEADWATERS INC,Kirk A. Benson,0.65
BOSTON BEER INC  -CL A,C. James Koch,0.38
INTEVAC INC,Kevin Fairbairn,0.48
MEADOWBROOK INS GROUP INC,Robert S. Cubbin,0.65
NETAPP INC,Thomas Georgens,0.86
BUCKEYE TECHNOLOGIES INC,John B. Crowe,0.72
PAREXEL INTERNATIONAL CORP,Josef H. von Rickenbach,0.65
KENSEY NASH CORP,Joseph W. Kaufmann,0.33
TOLLGRADE COMMUNICATIONS INC,Edward H. Kennedy,0.2
MSC INDUSTRIAL DIRECT  -CL A,David Sandler,0.74
HARTFORD FINANCIAL SERVICES,Liam E. McGee,1.1
PHARMACEUTICAL PROD DEV INC,David L. Grange,0.59
ARTHROCARE CORP,David F. Fitzgerald,0.53
DG FASTCHANNEL INC,Scott K. Ginsburg,0.48
MULTIMEDIA GAMES HOLDING CO,Patrick J. Ramsey,0.34
CSG SYSTEMS INTL INC,Peter Kalan,0.52
IRON MOUNTAIN INC,Robert T. Brennan,0.92
HUB GROUP INC  -CL A,David P. Yeager,0.58
VERTRO INC,Peter A. Corrao,0.4
EARTHLINK INC,Rolla P. Huff,0.8
JDA SOFTWARE GROUP INC,Hamish N. J. Brewer,0.52
PRGX GLOBAL INC,Romil Bahl,0.62
CENTURY ALUMINUM CO,Logan W. Kruger,0.88
COST PLUS INC,Barry J. Feld,0.8
SAPIENT CORP,Alan J. Herrick,0.57
YAHOO INC,Timothy R. Morse,0.52
DEAN FOODS CO,Joseph Scalzo,0.83
COLLECTIVE BRANDS INC,Matthew E. Rubel,1.16
CARBO CERAMICS INC,Gary Kolstad,0.6
TRAVELERS COS INC,Jay S. Fishman,1
POLYCOM INC,Andrew M. Miller,0.53
SYKES ENTERPRISES INC,Charles E. Sykes,0.55
JAKKS PACIFIC INC,Stephen G. Berman,1.12
FTI CONSULTING INC,"Jack B. Dunn, Iv.",1.54
TUPPERWARE BRANDS CORP,E. V. Goings,1.06
99 CENTS ONLY STORES,Eric J. Schiffer,0.12
SS&C TECHNOLOGIES HLDGS INC,Bill Stone,0.75
SUNRISE SENIOR LIVING INC,Mark Ordan,0.65
SALIX PHARMACEUTICALS LTD,Carolyn J. Logan,0.77
TITANIUM METALS CORP,Bobby D. O'Brien,0.92
AFFYMETRIX INC,Kevin M. King,0.68
ANSYS INC,"James E. Cashman, III",0.54
BROADVISION INC,Pehong Chen,0.35
DIME COMMUNITY BANCSHARES,Vincent F. Palagiano,0.69
IMATION CORP,Mark E. Lucas,0.69
FACTSET RESEARCH SYSTEMS INC,Philip A. Hadley,0.28
STRAYER EDUCATION INC,Robert S. Silberman,0.67
WILHELMINA INTERNATIONAL INC,Mark E. Schwarz,0.18
TELETECH HOLDINGS INC,Kenneth Tuchman,0.35
LAMAR ADVERTISING CO  -CL A,Sean E. Reilly,0.5
GUESS INC,Paul Marciano,1
AWARE INC,Edmund C. Reiter,0.36
E TRADE FINANCIAL CORP,Steven Freiberg,0.74
STERICYCLE INC,Mark C. Miller,0.31
CYMER INC,Robert P. Akins,0.64
CALPINE CORP,Jack A. Fusco,1.05
HOT TOPIC INC,Elizabeth McLaughlin,0.85
ABERCROMBIE & FITCH  -CL A,Michael S. Jeffries,1.5
ENDO PHARMACEUTICALS HLDGS,David P. Holveck,0.88
ROFIN SINAR TECHNOLOGIES INC,Peter Wirth,0
EDGEWATER TECHNOLOGY INC,Shirley Singleton,0.33
NAVIGANT CONSULTING INC,William M. Goodyear,0.85
BJ'S RESTAURANTS INC,"Gerald W. Deitchle, CPA",0.5
HIBBETT SPORTS INC,Jeffry O. Rosenthal,0.4
WINTRUST FINANCIAL CORP,Edward Joseph Wehmer,1
ARQULE INC,Paolo Pucci,0.46
USANA HEALTH SCIENCES INC,David A. Wentz,0.59
CUBIST PHARMACEUTICALS INC,"Michael Bonney, B.A.",0.55
STAGE STORES INC,Andrew T. Hall,0.79
TRIUMPH GROUP INC,Richard C. Ill,0.8
NATIONAL OILWELL VARCO INC,"Merrill A. Miller, Jr.",0.95
EDUCATION MANAGEMENT CORP,Todd S. Nelson,0.61
INGRAM MICRO INC,Gregory M. E. Spierkel,0.85
UNITED NATURAL FOODS INC,Steven L. Spinner,0.78
VIROPHARMA INC,Vincent J. Milano,0.52
STEEL DYNAMICS INC,Keith E. Busse,1
FORRESTER RESEARCH INC,George F. Colony,0.35
VIASAT INC,Mark D. Dankberg,0.8
POWERWAVE TECHNOLOGIES INC,Ronald J. Buschur,0.6
DELTIC TIMBER CORP,Ray C. Dillon,0.54
MONSTER WORLDWIDE INC,Sal Iannuzzi,1
COVANCE INC,Joseph L. Herring,0.92
IGATE CORP,Phaneesh Murthy,0.53
QUEST DIAGNOSTICS INC,"Surya N. Mohapatra, Ph.D.",1.23
LITHIA MOTORS INC  -CL A,Sidney B. DeBoer,0.84
WILSHIRE BANCORP INC,Joanne Kim,0.28
CAL-MAINE FOODS INC,Adolphus B. Baker,0.28
INSPERITY INC,Paul J. Sarvadi,0.68
KILROY REALTY CORP,"John B. Kilroy, Jr.",1.05
ERESEARCHTECHNOLOGY INC,"Joel Morganroth, M.D., P.C.",0.48
EPIQ SYSTEMS INC,Tom W. Olofson,0.9
CIENA CORP,Gary B. Smith,0.65
RADIANT SYSTEMS INC,John H. Heyman,0.49
SILGAN HOLDINGS INC,Anthony J. Allott,0.86
CARMAX INC,Thomas J. Folliard,0.99
ROVI CORP,Alfred J. Amoroso,0.55
TD AMERITRADE HOLDING CORP,Fredric J. Tomczyk,0.5
GULF ISLAND FABRICATION INC,Kerry J. Chauvin,0.5
TAKE-TWO INTERACTIVE SFTWR,"Strauss H. Zelnick, J.D.",0
FLAGSTAR BANCORP INC,Joseph P. Campanelli,2.65
RAMBUS INC,"Harold E. Hughes, Jr.",0.48
AMAZON.COM INC,Jeffrey P. Bezos,0.08
UNITED COMMUNITY BANKS INC,Jimmy C. Tallent,0.4
ALEXANDRIA R E EQUITIES INC,"Joel S. Marcus, J.D., CPA",0.77
RF MICRO DEVICES INC,Robert A. Bruggeworth,0.62
RALPH LAUREN CORP,Ralph Lauren,1.25
RC2 CORP,Curt Steolting,0.48
MAXIMUS INC,Richard Montoni,0.7
BOSTON PROPERTIES INC,Edward H. Linde,0.02
STARTEK INC,Chad A. Carlson,0.19
COMFORT SYSTEMS USA INC,William F. Murdy,0.58
HELIX ENERGY SOLUTIONS GROUP,Owen E. Kratz,0.7
EXTERRAN HOLDINGS INC,Ernie L. Danner,0.51
COINSTAR INC,Paul D. Davis,0.68
CORRECTIONS CORP AMER,Damon T. Hininger,0.6
BANK OF THE OZARKS INC,George Gleason,0.89
JONES LANG LASALLE INC,Colin Dyer,0.75
UMPQUA HOLDINGS CORP,Raymond P. Davis,0.87
SL GREEN REALTY CORP,Marc Holliday,0.73
KENDLE INTERNATIONAL INC,"Stephen A. Cutler, Ph.D., MBA",0.39
AMERICAN CAPITAL LTD,Malon Wilkus,1.5
SOLUTIA INC,Jeffry N. Quinn,0.92
MERITOR INC,"Charles G. McClure, Jr.",1.15
PETMED EXPRESS INC,Menderes Akdag,0.55
YUM BRANDS INC,David C. Novak,1.4
FARO TECHNOLOGIES INC,Jay W. Freeland,0.4
CHILDRENS PLACE RETAIL STRS,Jane T. Elfers,1
SPECTRUM BRANDS HOLDINGS INC,David R. Lumley,0.74
TRADESTATION GROUP INC,Salomon Sredni,0.52
IDENTIVE GROUP INC,"Ayman S. Ashour, Ma",0.29
POWER-ONE INC,Richard J. Thompson,0.54
AMB PROPERTY CORP,Hamid R. Moghadam,0.68
OSI SYSTEMS INC,Deepak Chopra,1
C H ROBINSON WORLDWIDE INC,John P. Wiehoff,0.4
FAIRCHILD SEMICONDUCTOR INTL,Mark S. Thompson,0.71
DRIL-QUIP INC,J. Mike Walker,0.59
INTERMEC INC,Patrick J. Byrne,0.7
ABOVENET INC,William LaPerch,0.55
ENTERTAINMENT PROPERTIES TR,David M. Brain,0.55
GROUP 1 AUTOMOTIVE INC,"Earl J. Hesterberg, Jr.",0.95
PERICOM SEMICONDUCTOR CORP,Alex Chi-Ming Hui,0.32
METTLER-TOLEDO INTL INC,Olivier A. Filliol,0.85
SONIC AUTOMOTIVE INC  -CL A,O. Bruton Smith,1.1
AFFILIATED MANAGERS GRP INC,"Sean M. Healey, J.D.",0.75
OYO GEOSPACE CORP,Gary D. Owens,0.28
APPLIED MICRO CIRCUITS CORP,"Paramesh Gopi, Ph.D.",0.51
AMSURG CORP,Christopher A. Holden,0.56
CORN PRODUCTS INTL INC,Ilene S. Gordon,0.9
POWER INTEGRATIONS INC,Balu Balakrishnan,0.41
UNITED RENTALS INC,Michael J. Kneeland,0.75
NARA BANCORP INC,Alvin D. Kang,0.3
CAREER EDUCATION CORP,Gary E. McCullough,0.82
MERCURY COMPUTER SYSTEMS INC,Mark Aslett,0.5
MIDAS INC,Alan D. Feldman,0.73
QUANTA SERVICES INC,John R. Colson,0.84
SURMODICS INC,Philip D. Ankeny,0.29
WADDELL&REED FINL INC  -CL A,"Henry John Herrmann, CFA",1
BROADCOM CORP  -CL A,Scott A. McGregor,0.77
SONOSITE INC,Kevin M. Goodwin,0.51
FEDERATED INVESTORS INC,John Christopher Donahue,0.79
AMERICAN TOWER CORP,"James D. Taiclet, Jr.",0.9
BROOKLINE BANCORP INC,Paul A. Perrault,0.6
FIRST NIAGARA FINANCIAL GRP,John R. Koelmel,0.83
MANHATTAN ASSOCIATES INC,Peter F. Sinisgalli,0.47
LASALLE HOTEL PROPERTIES,Michael D. Barnello,0.6
INFINITY PROPERTY & CAS CORP,James R. Gober,0.56
VENTAS INC,"Debra A. Cafaro, J.D.",0.73
EQUITY ONE INC,"Jeffrey S. Olson, CPA",0.67
L-3 COMMUNICATIONS HLDGS INC,Michael T. Strianese,1.29
WASTE CONNECTIONS INC,Ronald J. Mittelstaedt,0.54
AXT INC,"Morris S. Young, Ph.D.",0.34
MARINEMAX INC,"William H. McGill, Jr.",0.5
SCHOOL SPECIALTY INC,David J. Vander Zanden,0.65
MICROSTRATEGY INC,Michael J. Saylor,0.88
COGNIZANT TECH SOLUTIONS,Francisco D'Souza,0.54
MIPS TECHNOLOGIES INC,Anthony B. Holbrook,0
REPUBLIC SERVICES INC,Donald W. Slager,0.88
MANNATECH INC,"Robert A. Sinnott, MNS, Ph.D.",0.35
DIGITAL RIVER INC,Joel Ronning,0.45
CONVERGYS CORP,Jeffrey H. Fox,0.3
GLOBAL CROSSING LTD,John Legere,1.1
EBAY INC,John J. Donahoe,0.92
GOLDMAN SACHS GROUP INC,Lloyd C. Blankfein,0.6
PROSPERITY BANCSHARES INC,David Zalman,0.71
J CREW GROUP INC,Millard S. Drexler,0.2
P F CHANGS CHINA BISTRO INC,Robert T. Vivian,0.6
SELECT COMFORT CORP,William R. McLaughlin,0.71
CONEXANT SYSTEMS INC,"Sailesh Chittipeddi, Ph.D.",0.38
INFOSPACE INC,William J. Ruckelshaus,0.06
CONCUR TECHNOLOGIES INC,S. Steven Singh,0.48
NVIDIA CORP,Jen-Hsun Huang,0.6
ARCH CHEMICALS INC,Michael E. Campbell,0.9
ENTERCOM COMMUNICATIONS CORP,David J. Field,0.79
EAST WEST BANCORP INC,Dominic Ng,0.88
CORINTHIAN COLLEGES INC,Peter C. Waller,0.65
BOTTOMLINE TECHNOLOGIES INC,Robert A. Eberle,0.32
KORN/FERRY INTERNATIONAL,Gary D. Burnison,0.7
CORPORATE EXECUTIVE BRD CO,"Thomas L. Monahan, III",0.64
LIFE TECHNOLOGIES CORP,Gregory T. Lucier,1.13
QUICKSILVER RESOURCES INC,Thomas F. Darden,0.44
VARIAN SEMICONDUCTOR EQUIPMT,Gary E. Dickerson,0.63
MKS INSTRUMENTS INC,Leo Berlinghieri,0.57
PRICELINE.COM INC,Jeffery H. Boyd,0.55
EXTREME NETWORKS INC,Bob L. Corey,0.42
STANCORP FINANCIAL GROUP INC,"J. Greg Ness, LLIF",0.65
HEIDRICK & STRUGGLES INTL,L. Kevin Kelly,0.84
CONSOL ENERGY INC,J. Brett Harvey,1.09
INFORMATICA CORP,Sohaib Abbasi,0.63
LIFEPOINT HOSPITALS INC,"William F. Carpenter, III",0.94
RADIO ONE INC,"Alfred C. Liggins, III",0.96
TW TELECOM INC,Larissa L. Herda,0.86
BANKRATE INC,Thomas R. Evans,0.45
BROCADE COMMUNICATIONS SYS,Michael Klayko,0.74
REYNOLDS AMERICAN INC,Daniel M. Delen,0.87
F5 NETWORKS INC,John McAdam,0.63
SKECHERS U S A INC,Robert Greenberg,1
DITECH NETWORKS INC,Kenneth D. Naumann,0.11
OPENWAVE SYSTEMS INC,Kenneth D. Denman,0.45
UNITED THERAPEUTICS CORP,"Martine Rothblatt, Ph.D., J.D., MBA",0.88
ARIBA INC,Bob Calderoni,0.68
STAMPS.COM INC,Kenneth McBride,0.4
JUNIPER NETWORKS INC,Kevin R. Johnson,0.82
ENCORE CAPITAL GROUP INC,J. Brandon Black,0.42
PRIVATEBANCORP INC,Larry D. Richman,0.79
PETROHAWK ENERGY CORP,Floyd C. Wilson,1
HUDSON CITY BANCORP INC,"Ronald E. Hermance, Jr.",1.62
TIBCO SOFTWARE INC,Vivek Y. Ranadiv?,0.49
J2 GLOBAL COMMUNICATIONS INC,Hemi Zucker,0.46
LENNOX INTERNATIONAL INC,Todd M. Bluedorn,0.87
PERFICIENT INC,Jeffrey S. Davis,0.29
BLOCKBUSTER INC,James W. Keyes,0.75
RED HAT INC,James M. Whitehurst,0.75
NETSCOUT SYSTEMS INC,Anil K. Singhal,0.33
QUEST SOFTWARE INC,Vincent C. Smith,1
LABRANCHE & CO INC,"George L. LaBranche, IV",0.75
SWK HOLDINGS CORP,John F. Nemelka,0.2
INTERACTIVE INTELLIGENCE GRP,"Donald E. Brown, M.D.",0.36
UNITED ONLINE INC,Mark R. Goldston,0.95
OMNOVA SOLUTIONS INC,Kevin M. McMullen,0.67
INTERNAP NETWORK SVCS CORP,J. Eric Cooney,0.6
BLACKROCK INC,Laurence Douglas Fink,0.5
CIRCOR INTL INC,Bill Higgins,0.54
PCTEL INC,"Martin H. Singer, Ph.D.",0.43
AKAMAI TECHNOLOGIES INC,Paul L. Sagan,0.6
EXPEDIA INC,Dara Khosrowshahi,1
RUDOLPH TECHNOLOGIES INC,Paul F. McLaughlin,0.58
AGILENT TECHNOLOGIES INC,William P. Sullivan,0.99
BLUE COAT SYSTEMS INC,Michael J. Borman,0.39
TELEDYNE TECHNOLOGIES INC,Robert Mehrabian,0.85
XO GROUP INC,David Liu,0.37
CATALYST HEALTH SOLUTIONS,David T. Blair,0.76
PACKAGING CORP OF AMERICA,Mark W. Kowlzan,0.64
MATTERSIGHT CORP,Kelly D. Conway,0.43
GENTIVA HEALTH SERVICES INC,Tony Strange,0.72
INTERSIL CORP  -CL A,David B. Bell,0.59
UTSTARCOM HOLDINGS CORP,Ying Lu,0.36
SILICON LABORATORIES INC,Necip Sayiner,0.57
EDWARDS LIFESCIENCES CORP,Michael A. Mussallem,0.83
ENERGIZER HOLDINGS INC,Ward M. Klein,0.89
WEBSENSE INC,Gene Hodges,0.56
VALUECLICK INC,Thomas A. Vadnais,0.18
CABOT MICROELECTRONICS CORP,William P. Noglows,0.56
KRISPY KREME DOUGHNUTS INC,James H. Morgan,0.67
METLIFE INC,"Steven A. Kandarian, J.D.",0.63
LIVEPERSON INC,Robert P. LoCascio,0.33
FRONTIER COMMUNICATIONS CORP,Mary Agnes Wilderotter,0.97
CEVA INC,Gideon Wertheizer,0.3
NRG ENERGY INC,David Crane,1.21
PACWEST BANCORP,Matthew P. Wagner,0.75
VISTEON CORP,Donald J. Stebbins,1.22
INTUITIVE SURGICAL INC,"Gary S. Guthart, Ph.D.",0.5
BASIC ENERGY SERVICES INC,Kenneth V. Huseman,0.54
CHARLES RIVER LABS INTL INC,"James C. Foster, J.D.",0.97
JANUS CAPITAL GROUP INC,"Richard Mac Coy Weil, J.D.",0.46
AXCELIS TECHNOLOGIES INC,Mary G. Puma,0.4
CALIFORNIA PIZZA KITCHEN INC,Richard L. Rosenfield,0.68
MEDICINES CO,"Clive A. Meanwell, M.D., Ph.D.",0.7
AMERICAN MEDICAL SYSTMS HLDS,"Anthony P. Bihl, III",0.53
EQUINIX INC,Stephen M. Smith,0.54
PINNACLE FINL PARTNERS INC,M. Terry Turner,0.69
MOODY'S CORP,"Raymond W. McDaniel, Jr.",0.94
TTM TECHNOLOGIES INC,Kenton K. Alder,0.6
OPLINK COMMUNICATIONS INC,Joseph Y. Liu,0.38
GENON ENERGY INC,Edward R. Muller,0.09
GREATBATCH INC,Thomas J. Hook,0.53
COACH INC,Lew Frankfort,1.45
MONSANTO CO,Hugh Grant,1.41
PEET'S COFFEE & TEA INC,Patrick J. O'Dea,0.6
NII HOLDINGS INC,Steven P. Dussek,0.75
BANK MUTUAL CORP,"Michael T. Crowley, Jr.",0.7
UTI WORLDWIDE INC,Eric W. Kirchner,0.7
NOVATEL WIRELESS INC,Peter V. Leparulo,0.46
ALIGN TECHNOLOGY INC,Thomas Prescott,0.54
MASSEY ENERGY CO,"Baxter F. Phillips, Jr.",0.63
GLOBAL PAYMENTS INC,Paul R. Garcia,1
OIL STATES INTL INC,Cindy B. Taylor,0.53
NORTHERN OIL & GAS INC,Michael L. Reger,0.33
PEABODY ENERGY CORP,Gregory H. Boyce,1.11
ARBITRON INC,William T. Kerr,0.77
FMC TECHNOLOGIES INC,John T. Gremp,0.56
SYNAPTICS INC,Russell J. Knittel,0.43
KRAFT FOODS INC,Irene Rosenfeld,1.5
OMNICELL INC,Randall Lipps,0.46
PRUDENTIAL FINANCIAL INC,"John Robert Strangfeld, Jr.",1
ACCENTURE PLC,William D. Green,1.25
MEDCATH CORP,James Arthur Parker,0.35
INLAND REAL ESTATE CORP,Mark E. Zalatoris,0.54
ALLIANCE DATA SYSTEMS CORP,Edward J. Heffernan,0.81
ROCKWELL COLLINS INC,Clayton Jones,1.02
CROSS COUNTRY HEALTHCARE INC,Joseph A. Boshart,0.51
NATUS MEDICAL INC,James B. Hawkins,0.43
ARAMARK CORP,Joseph Neubauer,1.3
AMN HEALTHCARE SERVICES INC,Susan R. Salka,0.62
ZIMMER HOLDINGS INC,David Dvorak,0.83
BIG 5 SPORTING GOODS CORP,Steven G. Miller,0.48
WELLPOINT INC,Angela F. Braly,1.14
GAMESTOP CORP,J. Paul Raines,0.98
AMERIGROUP CORP,James G. Carlson,0.79
CENTENE CORP,Michael F. Neidorff,1.1
PRINCIPAL FINANCIAL GRP INC,Larry Donald Zimpleman,0.78
ADVANCE AUTO PARTS INC,Darren R. Jackson,0.7
ACUITY BRANDS INC,Vernon J. Nagel,0.6
MANTECH INTL CORP,George J. Pedersen,1.69
CYCLE CTRY ACCESSORIES CORP,Robert Davis,0.06
LORILLARD INC,Murray S. Kessler,0.37
JETBLUE AIRWAYS CORP,David Barger,0.6
NETFLIX INC,Reed Hastings,0.52
SRA INTERNATIONAL INC,Stanton Sloane,0.68
AEROPOSTALE INC,Thomas P. Johnson,0.9
CALAVO GROWERS INC,Lecil E. Cole,0.5
COMPUTER PROGRAMS & SYSTEMS,David A. Dye,0.08
AECOM TECHNOLOGY CORP,John M. Dionisio,1
FAIRPOINT COMMUNICATIONS INC,Paul H. Sunu,0.27
KIRKLAND'S INC,Robert E. Alderson,0.48
PLATINUM UNDERWRITERS HLDG,Michael D. Price,0.98
SAFETY INSURANCE GROUP INC,David F. Brussard,0.78
RED ROBIN GOURMET BURGERS,Stephen E. Carley,0.2
MONTPELIER RE HOLDINGS,Christopher L. Harris,0.68
ENPRO INDUSTRIES INC,Stephen E. MacAdam,0.83
CME GROUP INC,Craig Steven Donohue,1
PLAINS EXPLORATION & PROD CO,James C. Flores,1.4
WYNN RESORTS LTD,Stephen A. Wynn,2.95
NASDAQ OMX GROUP INC,Robert Greifeld,1
CIT GROUP INC,"Peter J. Tobin, CPA",0.08
DICKS SPORTING GOODS INC,Edward W. Stack,0.78
HORNBECK OFFSHORE SVCS INC,Todd M. Hornbeck,0.58
CARTER'S INC,Michael D. Casey,0.74
PROVIDENT FINANCIAL SVCS INC,Christopher Martin,0.5
TEXAS CAPITAL BANCSHARES INC,"George F. Jones, Jr.",0.59
CIMAREX ENERGY CO,F. H. Merelli,0.87
IPAYMENT INC,Carl A. Grimstad,0.71
MOLINA HEALTHCARE INC,"Joseph Mario Molina, M.D.",0.85
ENDURANCE SPECIALTY HOLDINGS,David Somers Cash,0.72
TRUE RELIGION APPAREL INC,Jeff Lubell,0.94
AXIS CAPITAL HOLDINGS LTD,John R. Charman,1.25
DTS INC,Jon E. Kirchner,0.45
NETGEAR INC,Patrick C. S. Lo,0.6
NATIONAL FINANCIAL PRTNRS CP,Jessica M. Bibliowicz,0.7
QEP RESOURCES INC,Charles B. Stanley,0.72
LKQ CORP,Robert L. Wagman,0.35
TESSERA TECHNOLOGIES INC,Henry R. Nothhaft,0.53
SYNNEX CORP,Kevin Murai,0.5
UNIVERSAL TECHNICAL INST,Kimberly J. McWaters,0.63
ASSURANT INC,Robert B. Pollock,0.95
COMPASS MINERALS INTL INC,Angelo C. Brisimitzakis,0.74
BUFFALO WILD WINGS INC,Sally Smith,0.56
ASPEN INSURANCE HOLDINGS LTD,Chris O. O'Kane,0.74
SALESFORCE.COM INC,Marc Benioff,0.9
GENWORTH FINANCIAL INC,Michael D. Fraizer,1.12
B&G FOODS INC,David L. Wenner,0.49
LIFE TIME FITNESS INC,Bahram Akradi,0.75
MASTERCARD INC,Ajay Banga,0.85
HOSPIRA INC,Christopher B. Begley,1.09
METROPCS COMMUNICATIONS INC,Roger D. Linquist,0.8
GOOGLE INC,Larry Page,0
TEXAS ROADHOUSE INC,Wayne Kent Taylor,0.3
RIGHTNOW TECHNOLOGIES INC,Greg R. Gianforte,0.35
TOWER GROUP INC,Michael H. Lee,0.9
EXTRA SPACE STORAGE INC,Spencer F. Kirk,0.43
VOLTERRA SEMICONDUCTOR CORP,Jefrey Staszak,0.39
SYMMETRY MEDICAL INC,Brian S. Moore,0.5
DIAMONDROCK HOSPITALITY CO,"Mark W. Brugger, J.D.",0.6
VIAD CORP,Paul Dykstra,0.63
MONOLITHIC POWER SYSTEMS INC,Michael R. Hsing,0.4
DREAMWORKS ANIMATION INC,Jeffery Katzenberg,0
BIOMED REALTY TRUST INC,Alan D. Gold,0.69
HEARTLAND PAYMENT SYSTEMS,Robert O. Carr,0.72
AMERICAN CAMPUS COMMUNITIES,"William C. Bayless, Jr.",0.46
MEDICAL PROPERTIES TRUST,"Edward K. Aldag, Jr.",0.55
OPTIONSXPRESS HOLDINGS INC,David A. Fisher,0.5
NEENAH PAPER INC,John P. O'Donnell,0.38
PRESTIGE BRANDS HOLDINGS,Matthew M. Mannelly,0.53
WRIGHT EXPRESS CORP,Michael E. Dubyak,0.53
LHC GROUP INC,Keith G. Myers,0.56
BILL BARRETT CORP,Fredrick J. Barrett,0.44
VERIFONE SYSTEMS INC,Douglas G. Bergeron,0.8
ZUMIEZ INC,"Richard M. Brooks, Jr.",0.26
KOPPERS HOLDINGS INC,Walter W. Turner,0.69
INTERCONTINENTALEXCHANGE INC,Jeffrey C. Sprecher,0.91
DIAMOND FOODS INC,Michael J. Mendes,0.65
NEUSTAR INC,Lisa A. Hook,0.47
LINCOLN EDUCATIONAL SERVICES,David F. Carney,0.43
CAPELLA EDUCATION CO,"J. Kevin Gilligan, BA",0.63
MAIDENFORM BRANDS INC,Maurice S. Reznik,0.62
FRANKLIN STREET PROPERTIES,George J. Carter,0.23
RUTHS HOSPITALITY GROUP INC,Michael P. O?Donnell,0.5
MWI VETERINARY SUPPLY,"James F. Cleary, Jr.",0.33
HITTITE MICROWAVE CORP,Stephen G. Daly,0.33
CF INDUSTRIES HOLDINGS INC,Stephen R. Wilson,0.93
DRESSER-RAND GROUP INC,"Vincent R. Volpe, Jr.",0.83
VOLCOM INC,Richard R. Woolcott,0.45
TREEHOUSE FOODS INC,Sam K. Reed,0.88
CBEYOND INC,James Geiger,0.4
DISCOVERY COMMUNICATIONS INC,David Zaslav,2
IROBOT CORP,Colin M. Angle,0.46
DEALERTRACK HOLDINGS INC,Mark O'Neil,0.52
BURGER KING HOLDINGS INC,Bernardo Hees,0.09
AMERISAFE INC,"C. Allen Bradley, Jr.",0.47
HOME BANCSHARES INC,C. Randall Sims,0.28
KAPSTONE PAPER & PACKAGING,Roger Warren Stone,0.42
AMERIPRISE FINANCIAL INC,Jim Cracchiolo,0.95
CROCS INC,John H. Duerden,0.15
UNDER ARMOUR INC,Kevin A. Plank,0.03
SAIC INC,Walter P. Havenstein,1
TALEO CORP,Michael Gregoire,0.5
FIDELITY NATIONAL FINANCIAL,George Scanlon,0.31
VIACOM INC,Philippe P. Dauman,2.63
LIVE NATION ENTERTAINMENT,Michael Rapino,1.97
NTELOS HOLDINGS CORP,James A. Hyde,0.58
HEALTHSPRING INC,Herbert A. Fritch,0.85
CHIPOTLE MEXICAN GRILL INC,Montgomery F. Moran,0.97
FIDELITY NATIONAL INFO SVCS,Frank Martire,1
LIQUIDITY SERVICES INC,"William P. Angrick, III",0.4
KRATON PERFORMANCE POLYMERS,Kevin M. Fogarty,0.58
NYSE EURONEXT,Duncan L. Niederauer,1
SYNCHRONOSS TECHNOLOGIES,Stephen G. Waldis,0.5
COMMVAULT SYSTEMS INC,N. Robert Hammer,0.48
KBR INC,William P. Utt,0.99
EHEALTH INC,Gary Lauer,0.59
WINDSTREAM CORP,Jeff Gardner,0.99
WYNDHAM WORLDWIDE CORP,Stephen P. Holmes,1.12
ALLEGIANT TRAVEL CO,"Maurice J. Gallagher, Jr.",0
WESTERN UNION CO,Hikmet Ersek,0.84
HANESBRANDS INC,Richard A. Noll,1
FIRST SOLAR INC,Robert J. Gillette,0.85
EMERGENT BIOSOLUTIONS INC,Fuad El-Hibri,0.64
SPECTRA ENERGY CORP,Gregory L. Ebel,0.98
ORITANI FINANCIAL CORP,Kevin J. Lynch,0.56
AEROVIRONMENT INC,Timothy E. Conver,0.48
TIME WARNER CABLE INC,Glenn A. Britt,1.25
SOURCEFIRE INC,John Burris,0.4
SUPER MICRO COMPUTER INC,Charles Liang,0.29
EMPLOYERS HOLDINGS INC,Douglas D. Dirks,0.78
INTERACTIVE BROKERS GROUP,Thomas Peterffy,1.35
DOMTAR CORP,"John D. Williams, BA",1
MONOTYPE IMAGING HOLDINGS,Douglas J. Shaw,0.34
GEORESOURCES INC,Frank A. Lodzinski,0.19
COVIDIEN PLC,Jos? E. Almeida,0.73
TE CONNECTIVITY LTD,Tom Lynch,0.95
SOLERA HOLDINGS INC,Tony Aquila,0.73
COMSCORE INC,"Magid M. Abraham, Ph.D.",0.39
VIRTUSA CORP,Krishan A. Canekeratne,0.33
MASIMO CORP,Joe E. Kiani,0.71
GT ADVANCED TECHNOLOGIES INC,Thomas Gutierrez,0.6
PHARMERICA CORP,Gregory S. Weishar,0.74
DOLAN CO,James P. Dolan,0.53
VITAMIN SHOPPE INC,Anthony Truesdale,0.5
MSCI INC,Henry A. Fernandez,0.6
ZEP INC,John K. Morgan,0.54
PATRIOT COAL CORP,Richard W. Whiting,0.77
NEUTRAL TANDEM INC,Rian Wren,0.45
AMERICAN PUBLIC EDUCATION,"Wallace E. Boston, Ed.D",0.5
APPROACH RESOURCES INC,"J. Ross Craft, P.E",0.31
ENSIGN GROUP INC,Christopher R. Christensen,0.41
LUMBER LIQUIDATORS HLDGS INC,Thomas D. Sullivan,0.32
RUBICON TECHNOLOGY INC,Raja M. Parvez,0.45
ENTROPIC COMMUNICATIONS INC,Patrick C. Henry,0.38
FORESTAR GROUP INC,James M. DeCosmo,0.5
ORION MARINE GROUP INC,J. Michael Pearson,0.5
A. H. BELO CORP,Robert W. Decherd,0.48
IPC THE HOSPITALIST CO INC,"Adam D. Singer, M.D.",0.54
VISA INC,Joseph W. Saunders,0.95
PHILIP MORRIS INTERNATIONAL,"Louis C. Camilleri, BA",1.71
HILLENBRAND INC,Kenneth A. Camp,0.69
LOGMEIN INC,Michael K. Simon,0.33
DR PEPPER SNAPPLE GROUP INC,Larry D. Young,0.98
QUANEX BUILDING PRODUCTS,David D. Petratis,0.7
INTREPID POTASH INC,"Robert P. Jornayvaz, III",0.25
RACKSPACE HOSTING INC,A. Lanham Napier,0.37
SCRIPPS NETWORKS INTERACTIVE,Kenneth W. Lowe,1.15
LENDER PROCESSING SERVICES,Lee A. Kennedy,0.25
INTERVAL LEISURE GROUP,Craig M. Nash,0.75
HSN INC,Mindy F. Grossman,1.16
JOHN BEAN TECHNOLOGIES,"Charles H. Cannon, Jr.",0.69
STR HOLDINGS INC,Dennis L. Jilot,0.5
MEAD JOHNSON NUTRITION CO,Stephen W. Golsby,0.97
ALLSCRIPTS HEALTHCARE SOLTNS,Glen E. Tullman,0.44
CLEARWATER PAPER CORP,Gordon L. Jones,0.69
RUE21 INC,Robert Fisch,0.91
AOL INC,Tim Armstrong,1
FINANCIAL ENGINES INC,Jeffrey N. Maggioncalda,0.29
FIRST AMERICAN FINANCIAL CP,Dennis J. Gilmore,0.71
MOTOROLA MOBILITY HLDGS INC,"Sanjay K. Jha, Ph.D.",0.9
HUNTINGTON INGALLS IND INC,C. Michael Petters,0.72
MARATHON PETROLEUM CORP,Gary R. Heminger,0.92
CB RICHARD ELLIS GROUP INC,W. Brett White,0.81
WELLCARE HEALTH PLANS INC,Alexander R. Cunningham,0.64
BLACKBAUD INC,Marc E. Chardon,0.58
NUVASIVE INC,Alexis V. Lukianov,0.8
BLUE NILE INC,Diane M. Irvine,0.47
GREENHILL & CO INC,Simon A. Borrows,0.39
CARDTRONICS INC,Fred R. Lummis,0
CABELAS INC,Thomas L. Millner,0.8
KITE REALTY GROUP TRUST,John A. Kite,0.46
